run,p,n,ktrue,lambda,k,time,objval,EBIC,loglik_val,loglik_test,TF,FF,operatorNorm,frobeniusNorm,L1MatrixNorm,LInfVectorNorm
0,200,150,199,0.6982421875000002,50,0.227657333,305.7972976338376,227.12621195389974,223.4595337380786,224.2764990616273,274.0,26.0,2.52412938010635,16.703743132626947,3.9530352582570885,0.9530352582570885
0,200,150,199,0.6198730468750002,100,0.31321845,296.01139734592783,225.7080906103852,217.1755650484901,217.8207070226659,322.0,78.0,2.458767442625375,16.274565138317055,3.892887368568525,0.9245470930086738
0,200,150,199,0.5751953125000002,149,0.370136993,290.0280260133027,226.18913429463123,212.8206616395975,213.30718630160203,364.0,134.0,2.4057024117782775,15.979112395763392,3.811293620231094,0.907037512083906
0,200,150,199,0.5253906250000002,199,0.387055377,282.8984912096037,225.454253037446,207.2480620182124,207.52792449825637,400.0,198.0,2.333037377365985,15.59321290639712,3.6858165214837477,0.8863096392389912
0,200,150,199,0.4768066406250001,249,0.869958655,275.3686163073949,224.18842695752159,201.12839648598666,201.2083715134636,436.0,262.0,2.2509077219327627,15.14740176585151,3.538443689983202,0.8647427047566406
0,200,150,199,0.4389648437500001,298,0.986143221,269.0274167941297,223.73542390004786,195.86453171176606,195.78990311354391,478.0,318.0,2.177529465963994,14.73833092760447,3.4042236114015836,0.8469354107108368
0,200,150,199,0.4150390625000001,348,1.055666588,264.7644798076549,225.12617241121436,192.2301203278484,192.07216265052625,518.0,378.0,2.1261318751900435,14.440996592004208,3.3145524699514812,0.8351851496576737
0,200,150,199,0.3747558593750001,398,1.63353753,257.06245911817166,223.48625966798568,185.67287216062178,185.4224762881567,538.0,458.0,2.028662489726451,13.871286620523005,3.1399684849836804,0.8144775391328248
