run,p,n,ktrue,lambda,k,time,objval,EBIC,loglik_val,loglik_test,TF,FF,operatorNorm,frobeniusNorm,L1MatrixNorm,LInfVectorNorm
7,200,150,199,0.6875000000000002,50,0.065799204,304.5032682119112,226.44633031659012,225.5105015651073,224.1635668837526,258.0,42.0,2.584298525860268,16.675962405745413,4.2173371517672065,0.9504515762794312
7,200,150,199,0.5781250000000002,100,0.280964723,290.55547452146936,223.04006546657715,217.1502570967413,215.8735276094385,302.0,98.0,2.467057479235608,16.09445098963603,3.9220831061781998,0.9093808025353901
7,200,150,199,0.5270996093750002,149,0.306348976,283.46253468034797,223.27757511356876,212.5518024903026,211.26270573624254,340.0,158.0,2.4044637904991393,15.75915155026353,3.7967957142592765,0.8882080377768999
7,200,150,199,0.4794921875000002,199,0.631244158,276.38836608945155,223.26489836298396,207.69222805726656,206.36463496113345,382.0,216.0,2.3459562745000113,15.38858813940431,3.7131221832601247,0.867136578112948
7,200,150,199,0.4438476562500002,249,0.728217009,270.7352919182278,224.06853392846995,203.6186523342741,202.24788068409418,428.0,270.0,2.2963153434780876,15.057600296286504,3.6372267764211634,0.8504503237587334
7,200,150,199,0.4116210937500002,298,0.879663391,265.3058681511758,224.80716207888122,199.59887506151966,198.1705656080029,470.0,326.0,2.2434673613065574,14.709149203779878,3.551600506336367,0.8346387728152961
7,200,150,199,0.3706054687500001,348,1.179653045,257.8734385650926,223.97786158190868,194.01622452243717,192.54618757590245,498.0,398.0,2.1625606579180445,14.189629112353943,3.413354894694036,0.8134396088435236
7,200,150,199,0.3398437500000001,398,0.918699902,251.84728941900278,224.27423362867358,189.45501334935852,187.97514048428002,542.0,454.0,2.098472731174358,13.734415901121235,3.2803486827597728,0.7966884837408285
