run,p,n,ktrue,lambda,k,time,objval,EBIC,loglik_val,loglik_test,TF,FF,operatorNorm,frobeniusNorm,L1MatrixNorm,LInfVectorNorm
5,200,350,199,0.4843750000000002,50,0.35479011,277.7319430660298,209.94183823322717,212.01232611302913,208.95050308320538,296.0,4.0,2.6138436933221985,18.135991627830474,3.5951347825559314,1.0951347825559317
5,200,350,199,0.3691406250000001,100,0.362598854,259.7622908051403,201.96825258175735,202.07046481142768,198.82595703579153,396.0,4.0,2.4744379332040114,17.096674154752147,3.3451604354472684,1.038433829030892
5,200,350,199,0.3125000000000001,149,0.352667594,249.6186021739557,197.54441398606127,195.55321832664467,192.28151251323393,492.0,6.0,2.365998790048132,16.369831547708845,3.105373280925545,1.0069142311774855
5,200,350,199,0.2265625000000001,199,0.69588401,231.48668689007286,187.47214159085422,183.34667929629177,180.07707351510106,584.0,14.0,2.13439610116337,14.864371131409968,2.7635418533774447,0.9535323688784257
5,200,350,199,0.16308593750000006,249,0.692986865,214.74143430138597,179.41549905545705,173.54273127937128,170.2953746115086,598.0,94.0,1.8883378069957666,13.543078928801172,2.885101836773919,1.5634580497757873
5,200,350,199,0.15039062500000006,298,0.834081773,210.9433594085852,179.4858583053627,171.63525577579077,168.36464361172236,598.0,192.0,1.9743887700494884,13.292102296736202,3.3266071672512694,1.8189153019890179
5,200,350,199,0.14111328125000006,348,0.868190234,207.99959472264294,179.80040765141953,170.24099408632034,166.97841668209688,598.0,280.0,2.131623333451304,13.122154365665795,3.9031953447666465,1.9287820000145826
5,200,350,199,0.13415527343750006,398,0.919122928,205.74411782584525,180.606917135745,169.27937846120437,165.99050334415915,598.0,372.0,2.2980866808154854,12.995134335471711,4.136716612912144,2.081781064461492
