run,p,n,ktrue,lambda,k,time,objval,EBIC,loglik_val,loglik_test,TF,FF,operatorNorm,frobeniusNorm,L1MatrixNorm,LInfVectorNorm
3,200,100,199,0.6328125000000002,50,0.10081655,297.7434389626362,225.56941891992932,218.46690604930566,220.0982125723364,238.0,62.0,2.597204318319934,17.59749955717389,4.089452983050313,1.030282347583613
3,200,100,199,0.5393066406250002,100,0.341938438,285.4479541078146,226.4025822631355,211.69157185125349,213.34869543274777,294.0,106.0,2.5127112692373625,17.07787387692017,3.9371325871072824,0.993079398606383
3,200,100,199,0.4697265625000002,149,0.570917693,275.4602248582913,227.6228351413879,205.6791441294497,207.2957525137137,350.0,148.0,2.41672294642233,16.574639863839916,3.8278379648779954,0.9623238678748273
3,200,100,199,0.4248046875000002,199,0.608847483,268.49477928983333,230.5885210893128,201.30036561146593,202.88007448425756,390.0,208.0,2.348474038489876,16.181804726812647,3.774227572098435,0.9408719563803571
3,200,100,199,0.3861083984375002,249,0.80355583,262.07544214643724,233.61854634927724,197.10790238607333,198.64046357055398,436.0,262.0,2.2872853518751888,15.779969878043875,3.690109493342368,0.9212782413049465
3,200,100,199,0.3586425781250001,298,1.012280752,257.2273279283792,237.40714762855114,193.79135260424687,195.30607737451803,480.0,316.0,2.242663004211164,15.445141417163775,3.5987612143517866,0.9066937878480821
3,200,100,199,0.3264160156250001,348,1.324026983,251.15902907553038,240.24639315200832,189.5882176181643,191.07943077961463,532.0,364.0,2.1827892418121677,14.98968669752918,3.4511208266494737,0.8888112560703814
3,200,100,199,0.2985839843750001,398,1.639516902,245.52074014451586,243.29225544427845,185.70776276969403,187.18076174535346,556.0,440.0,2.125909058868749,14.535538836907136,3.2819977143891594,0.8726529770234381
