run,p,n,ktrue,lambda,k,time,objval,EBIC,loglik_val,loglik_test,TF,FF,operatorNorm,frobeniusNorm,L1MatrixNorm,LInfVectorNorm
7,200,250,199,0.5546875000000002,50,0.380200434,287.50410068598967,215.0693361594043,211.83133206485854,214.04562563007585,300.0,0.0,2.39769374876942,15.925323788340634,3.883488718895658,0.8998280884700137
7,200,250,199,0.4633789062500001,100,0.484186232,274.3424248459909,209.7934825732228,203.86059221006838,205.85230407973546,400.0,0.0,2.2821760718496846,15.202749927621737,3.6366358697466286,0.8596941521886737
7,200,250,199,0.3945312500000001,149,0.486373903,263.1464297379563,204.33636542241936,195.763980094214,197.53181473890345,498.0,0.0,2.19374121558998,14.40918903550703,3.32885979788846,0.8259573341381302
7,200,250,199,0.25000000000000006,199,0.390931781,233.21106620370864,183.68480100060793,172.96295613306745,174.38784510431185,586.0,10.0,1.8951629333705737,11.823759104619516,2.5319350536450123,1.002871150603498
7,200,250,199,0.18847656250000006,249,0.999820861,216.02936664769877,174.66923780929295,161.6281017101795,162.97919634957404,592.0,104.0,2.1026364741863106,10.56027757059969,3.3683906303724394,1.9942058472875979
7,200,250,199,0.17016601562500006,298,1.065219154,210.08744998827626,173.72789638334768,158.1337570468272,159.483864236147,594.0,200.0,2.340427768125887,10.21123572938672,3.74760890106864,2.2144868692078257
7,200,250,199,0.15966796875000006,348,1.055967736,206.48558082543076,173.73823668786835,156.15273412131987,157.56023485017633,594.0,278.0,2.6149709009123825,10.042169588416497,4.261204681631796,2.4576815340003386
7,200,250,199,0.15057373046875006,398,1.240578658,203.2416550150338,174.77842068282877,154.42627626535256,155.939148489384,594.0,378.0,2.88396138704704,9.938157836609745,4.762897935123036,2.693454939050015
