run,p,n,ktrue,lambda,k,time,objval,EBIC,loglik_val,loglik_test,TF,FF,operatorNorm,frobeniusNorm,L1MatrixNorm,LInfVectorNorm
9,200,450,199,0.6847229003906252,50,0.219000199,304.1373203071787,222.8758829733553,221.12831500778526,221.84382325168338,252.0,48.0,2.4111776093722312,16.301306126886157,3.4169409424673898,0.9169409424673902
9,200,450,199,0.5878906250000002,100,0.311201687,291.8423931678632,217.2365896695175,213.51226452769532,214.3169317234687,298.0,102.0,2.331939466499476,15.795018685244221,3.3564784529012885,0.880744067863919
9,200,450,199,0.5322265625000002,149,0.273696795,284.1825655139413,213.90259153025124,208.30902645038233,209.1537481222635,356.0,142.0,2.269015961864684,15.429390990003652,3.250811509657543,0.8578653687136388
9,200,450,199,0.4912109375000002,199,0.703954265,278.1673271937256,211.2778249486016,203.84722658835642,204.700193783511,406.0,192.0,2.2137804418270064,15.100275085890209,3.125237901881376,0.8399144257757496
9,200,450,199,0.4521484375000002,249,0.825139674,272.0628519344407,208.18341394532766,198.91423888753633,199.7955273209884,468.0,230.0,2.1525457353694333,14.71943715813254,3.055181512960996,0.82187553028816
9,200,450,199,0.4096679687500002,298,0.98382695,264.90039910901316,203.86919705126394,192.80401837578455,193.72209228061485,520.0,276.0,2.07177448869854,14.21267784359995,2.984469869927471,0.8011234587032032
9,200,450,199,0.3808593750000002,348,0.968690664,259.6700616914583,201.21673639042922,188.32843205580855,189.2628305340525,548.0,348.0,2.0134183875107916,13.814651738289207,2.9163124961053604,0.7863236611421714
9,200,450,199,0.3430480957031251,398,1.922669286,252.2625783019248,196.74855178842685,182.06466108168536,183.0164949375733,576.0,420.0,1.924063231596607,13.21206941820413,2.8117807030300237,0.7659353922259798
