run,p,n,ktrue,lambda,k,time,objval,EBIC,loglik_val,loglik_test,TF,FF,operatorNorm,frobeniusNorm,L1MatrixNorm,LInfVectorNorm
0,200,600,199,0.6640625000000002,50,0.378571105,301.66778081283667,221.11226899545105,221.35881616305886,219.38282518495646,300.0,0.0,2.4998249527445107,16.530679916615508,3.925557100195457,0.9409404544331867
0,200,600,199,0.5117187500000002,100,0.327512662,281.1793340786253,208.25770208753866,207.10776987932667,205.03010161024423,400.0,0.0,2.316749745113123,15.451221484734162,3.665170978328039,0.8803807135590012
0,200,600,199,0.4121093750000002,149,0.576488783,265.1334929688236,196.69139006328535,194.094348735126,192.01227959584628,498.0,0.0,2.1226701184523495,14.319721845625493,3.2859100364197245,0.8337189789690604
0,200,600,199,0.2158203125000001,199,0.732385969,220.53221952078434,162.0979140220212,157.77925323772598,155.97575819789452,596.0,2.0,1.4903013418401703,10.276112215590189,2.008052519051331,0.7531352420965256
0,200,600,199,0.12475585937500006,249,0.934701271,188.33452079874166,143.749993248103,138.43416306946105,136.74546047822574,598.0,98.0,2.347958792437611,9.086557001012611,3.6823704914801536,2.1034984953043594
0,200,600,199,0.11182022094726568,298,1.324289289,182.64401398133484,142.02031019502465,135.84093471396994,134.11013645323868,598.0,184.0,2.6171762038511113,9.264863107899915,4.056342509615054,2.309150834628432
0,200,600,199,0.10473632812500006,348,1.277611116,179.41289505702042,141.77142838896114,134.42606936259116,132.6964024324693,598.0,282.0,2.8384296132177127,9.433352638103349,4.4372373246022665,2.4919774517877835
0,200,600,199,0.09967041015625006,398,1.226377177,177.0274768408729,141.82523906233854,133.47164627152875,131.72408601063142,598.0,368.0,2.9670567669689074,9.569338242470165,4.642286764059117,2.598394028488749
