run,p,n,ktrue,lambda,k,time,objval,EBIC,loglik_val,loglik_test,TF,FF,operatorNorm,frobeniusNorm,L1MatrixNorm,LInfVectorNorm
4,200,150,199,0.5429687500000002,50,0.398795956,286.1229974443599,217.32639223615442,217.34435131142308,214.97050232249765,300.0,0.0,2.5168766095164616,16.630859947376337,3.903147794126698,0.9589307775027182
4,200,150,199,0.4531250000000001,100,0.272212251,273.1691872211992,214.30694989358724,208.93878590869684,206.5709517454618,396.0,4.0,2.3846538729079545,15.92085542697507,3.5931681641881363,0.9188600003147502
4,200,150,199,0.3789062500000001,149,0.543290025,261.05818541492664,210.3380837346916,199.8172444067116,197.45683432809236,490.0,8.0,2.2372673787126254,15.059895831343413,3.226168986262528,0.8818195787362677
4,200,150,199,0.2812500000000001,199,0.465921444,241.86128178760737,200.53565540037258,184.84885411736457,182.57633103567576,560.0,36.0,2.021138009642497,13.446662437618931,2.896676822463175,0.8265442384474541
4,200,150,199,0.24072265625000006,249,0.788125545,232.25873503249312,198.11040772975528,177.6797451070525,175.43678845597725,584.0,112.0,1.888151641246907,12.58139488234681,2.6332072832290843,0.8010501464345151
4,200,150,199,0.22302246093750006,298,0.905345417,227.55652944559407,199.15920682978532,174.37104837774007,172.16106710087712,586.0,202.0,1.8245846174429186,12.187902548625662,2.5282047778697807,0.7893855716217401
4,200,150,199,0.20996093750000006,348,0.850713742,223.93833709592343,201.55071781081176,172.07557963595488,169.83416899013434,586.0,304.0,1.774670560329899,11.881035307718191,2.443656531363269,0.8862492048110717
4,200,150,199,0.19964599609375006,398,0.981091219,220.9747825858504,204.12059864888002,170.3317294262064,168.04216042696876,588.0,398.0,1.7335906604334639,11.634560175306152,2.3199560092211193,1.0151841203354446
