run,p,n,ktrue,lambda,k,time,objval,EBIC,loglik_val,loglik_test,TF,FF,operatorNorm,frobeniusNorm,L1MatrixNorm,LInfVectorNorm
8,200,300,199,0.6523437500000002,50,0.189948297,300.2281124017091,221.9344804051139,219.14448052495374,221.32517162419217,256.0,44.0,2.7972017355612198,18.25076333937689,4.57384063046931,1.0867680618653952
8,200,300,199,0.5507812500000002,100,0.284687501,286.9790011943,216.7180508621566,211.36177002089207,213.26658435932703,292.0,108.0,2.693136667647663,17.674729741062517,4.288493841485344,1.0471327354515707
8,200,300,199,0.4956054687500001,149,0.46122214,279.14001646791564,214.30711005651773,206.38793115076527,208.1099739777231,346.0,152.0,2.6173931122418357,17.286928878857402,4.068266237961451,1.0233434769662444
8,200,300,199,0.4448242187500001,199,0.560430987,271.39013672317753,211.70901921267614,201.2088951324783,202.733747612873,382.0,216.0,2.5302013472010287,16.862212031697727,3.828390718389849,0.9998432893438498
8,200,300,199,0.4035644531250001,249,0.667199971,264.62340929425454,209.559048632325,196.46194657742362,197.82203206922875,438.0,260.0,2.4406779653599915,16.44794229744108,3.712899323259179,0.9794972732772268
8,200,300,199,0.3730468750000001,298,0.701687224,259.2829699241824,208.2088959250494,192.54817877842214,193.7876566694121,484.0,312.0,2.361929603514224,16.084858504552145,3.673627248941095,0.9636617528688287
8,200,300,199,0.3486328125000001,348,0.881988733,254.76530257033434,207.42812405996358,189.15600069335423,190.27144090765358,528.0,368.0,2.292379337434208,15.751846061526129,3.6219455603173056,0.9504773347909317
8,200,300,199,0.3171386718750001,398,1.043984884,248.55626073688256,205.28108253602701,184.42627007294985,185.39162183198118,564.0,432.0,2.194335451911894,15.259901952401123,3.528627587690683,0.9327475061016968
