run,p,n,ktrue,lambda,k,time,objval,EBIC,loglik_val,loglik_test,TF,FF,operatorNorm,frobeniusNorm,L1MatrixNorm,LInfVectorNorm
2,200,100,199,0.6796875000000002,50,0.167383457,303.5546139136914,228.32811734666765,220.8813482642254,225.88540228932925,252.0,48.0,3.0086466767545805,18.71023702994512,5.052063431169996,1.1240903682480512
2,200,100,199,0.6093750000000002,100,0.178498719,294.70186265372456,230.48637734132345,215.76861339630554,220.6675610889453,274.0,126.0,2.9446766108706406,18.345545680666376,4.9235197095167615,1.0980799821563827
2,200,100,199,0.5351562500000002,149,0.209870904,284.6275428886273,231.48069230021542,209.81869705868445,214.55651601273178,306.0,192.0,2.8655635251371137,17.891733241099313,4.761592754044364,1.068039714363206
2,200,100,199,0.4836425781250002,199,0.652704601,277.0855996066688,234.04151158608659,205.28049319225846,209.8510477262355,352.0,246.0,2.8000222035423694,17.51478871868693,4.64222125766985,1.0454224208596903
2,200,100,199,0.4353027343750002,249,0.63077471,269.4949342826781,236.4496846404561,200.6422797943294,205.04024761842032,376.0,322.0,2.725417033177794,17.100815608424426,4.519207356181312,1.0227220766939584
2,200,100,199,0.3974609375000002,298,0.699951531,263.1361611458724,239.4692555089856,196.73623493410554,201.02071144244007,418.0,378.0,2.6563068878654117,16.72673014764214,4.399126574961127,1.0038556974210153
2,200,100,199,0.3710937500000001,348,0.665917664,258.44575289239407,243.61870046696114,193.76107437668296,197.9211647304867,462.0,434.0,2.601165532864322,16.423279439813154,4.302120857985822,0.990094476112624
2,200,100,199,0.3425292968750001,398,1.124092663,253.07361402565837,247.15227162098782,190.30088075130172,194.32144709980415,488.0,508.0,2.536270084469952,16.051875979860743,4.184842742253952,0.9745765031478427
