run,p,n,ktrue,lambda,k,time,objval,EBIC,loglik_val,loglik_test,TF,FF,operatorNorm,frobeniusNorm,L1MatrixNorm,LInfVectorNorm
2,200,500,199,0.5312500000000002,50,0.270764253,284.4754383773715,212.6969012940334,211.67692801388847,212.1799895380537,298.0,2.0,2.80642932649629,17.861745387849883,4.541711065133644,1.0663779809675575
2,200,500,199,0.4062500000000002,100,0.421861083,265.76586065642437,202.82665866220407,200.24682431372725,200.7232546913018,398.0,2.0,2.542775715478444,16.78805012836701,4.023509893868576,1.0083280943462425
2,200,500,199,0.3417968750000001,149,0.482649529,254.60833207621647,196.65366299835577,192.54079183335438,193.00125293411992,494.0,4.0,2.3735116707296506,15.97823614570355,3.6169779854082753,0.9741699187033507
2,200,500,199,0.2421875000000001,199,0.479284678,233.8159456129875,183.1003110114634,177.48700369866089,177.92406579129062,590.0,8.0,2.049237337677484,14.161307332884956,2.9805522992103857,0.9144077589164731
2,200,500,199,0.14257812500000006,249,0.812193062,205.93234019264838,167.80434452150814,161.10234473484863,161.51493348445413,596.0,96.0,2.291478495329688,12.019328624950587,3.688741766195121,2.10766114313698
2,200,500,199,0.12841796875000006,298,0.861803782,201.088627377733,166.80486796195416,158.8845588881218,159.28989985878,596.0,190.0,2.562366829048483,11.749627322718823,4.172373503037637,2.3233989364455083
2,200,500,199,0.12017822265625006,348,0.908548623,198.15535305718754,166.70583422648468,157.63301614471857,158.05797472556353,596.0,274.0,2.8097746093089966,11.6370642753852,4.595122485158442,2.54435586979281
2,200,500,199,0.11376953125000006,398,0.947716756,195.80235588470362,167.157230306712,156.6786601807753,157.10575134177662,596.0,374.0,2.9898725487748194,11.574174446042669,4.883110669721967,2.695651356151323
