run,p,n,ktrue,lambda,k,time,objval,EBIC,loglik_val,loglik_test,TF,FF,operatorNorm,frobeniusNorm,L1MatrixNorm,LInfVectorNorm
7,200,550,199,0.5411376953125002,50,0.54903223,285.6742381324683,212.4567744287106,211.9389790390136,212.57233681100337,300.0,0.0,2.3773543781852684,15.842689191187102,3.8941408298652234,0.8941728817433109
7,200,550,199,0.4648437500000001,100,0.428488094,274.6344876067707,206.8983533052856,204.9438728135779,205.66635467314762,400.0,0.0,2.2853996503154472,15.233779534592953,3.7188053697611254,0.8603775022053571
7,200,550,199,0.3931884765625001,149,0.735437002,263.02234963235856,199.50357039792175,196.204776686494,196.9532161825778,498.0,0.0,2.2004561800751157,14.412187558940097,3.4170283855015398,0.8252661963845096
7,200,550,199,0.17578125000000006,199,0.665607678,212.75860879902947,163.70554270784845,159.48625359508898,160.12311520264885,592.0,2.0,2.457503682271595,10.310552911689872,3.9273999348157176,2.28053508364681
7,200,550,199,0.12402343750000003,249,0.926100862,194.52170684949186,154.82243603374545,149.61714882193786,150.2440341634842,596.0,96.0,4.011433420499585,9.920303575196892,6.9562227908264305,3.6506028135802153
7,200,550,199,0.11364746093750003,298,1.208643507,190.38884625053657,154.1188213423249,147.801261336874,148.39112389331464,596.0,192.0,4.466673132163019,10.060404421836274,7.7638949510981,4.042804742879602
7,200,550,199,0.10510253906250003,348,1.34612395,186.79088285188527,153.71007519211972,146.2955485000188,146.88189479169273,598.0,282.0,4.657156186445578,10.103556083824712,7.9705774366876305,4.189371739717712
7,200,550,199,0.10180664062500003,398,1.239357886,185.3287842842359,154.37600429563636,145.72254805012955,146.30170121648223,598.0,376.0,4.524296014818858,10.064965869260776,7.6366758385003815,4.04913656111362
