run,p,n,ktrue,lambda,k,time,objval,EBIC,loglik_val,loglik_test,TF,FF,operatorNorm,frobeniusNorm,L1MatrixNorm,LInfVectorNorm
4,200,200,199,0.6445312500000002,50,0.192139362,299.28992195813754,222.9021500913737,227.24102296545408,221.3083274844421,258.0,42.0,2.6338945656968566,17.222811710867283,3.998776294168646,0.9989560338243153
4,200,200,199,0.5312500000000002,100,0.171866789,284.36853939400726,218.06853134707117,217.67866428561638,212.12876833591412,300.0,100.0,2.535067138920489,16.57701799301598,3.7941896792979586,0.9539708188357071
4,200,200,199,0.4804687500000002,149,0.416833697,277.0416662329427,217.20304124039882,212.44728697062868,207.21492848565148,350.0,148.0,2.4676765274402235,16.20938880497291,3.6236136833646904,0.931570301900701
4,200,200,199,0.4414062500000002,199,0.506997073,271.0415308095718,216.95576191313432,207.88706044279627,202.92686865843615,406.0,192.0,2.4046302424236394,15.869932425690706,3.623512258575028,0.9132651056561264
4,200,200,199,0.4072265625000002,249,0.661431848,265.4652272841273,216.7367692896816,203.4251981829796,198.69818050345356,464.0,234.0,2.33907243885006,15.513120834298299,3.59439027385879,0.8964144166773421
4,200,200,199,0.3726806640625001,298,1.021062462,259.4506040746423,215.9432039875834,198.51822984685862,194.02279044162157,498.0,298.0,2.266585972983165,15.08931408393816,3.5365373571846757,0.878530487078282
4,200,200,199,0.3437500000000001,348,0.558403487,254.0684088277385,215.69021033113302,194.0939069754673,189.81704624629785,542.0,354.0,2.1992702653488574,14.680878759670362,3.451600052718247,0.8628459968138751
4,200,200,199,0.2983398437500001,398,1.430575622,244.8576133634643,212.54641846253406,186.66385800210114,182.76683648779195,568.0,428.0,2.0769870236090218,13.923674534076657,3.2499547961322426,0.8368176770223815
