run,p,n,ktrue,lambda,k,time,objval,EBIC,loglik_val,loglik_test,TF,FF,operatorNorm,frobeniusNorm,L1MatrixNorm,LInfVectorNorm
6,200,400,199,0.6640625000000002,50,0.099951313,301.6681132394988,222.12502905122878,223.48506131652795,221.60680995875913,248.0,52.0,2.7149421627297614,17.74957256808616,4.110368376746772,1.0426231627417006
6,200,400,199,0.5544433593750002,100,0.317042436,287.49959267206503,215.98074686974442,215.03796405473548,213.25244668724616,292.0,108.0,2.6149544151840165,17.150917162825476,4.124099117735387,1.0002450260612967
6,200,400,199,0.5036010742187502,149,0.404254146,280.34924950528153,213.4512053385894,210.3674676913679,208.62950739469386,328.0,170.0,2.541383716806275,16.806191901069422,4.129381770445803,0.978492107551892
6,200,400,199,0.4428710937500002,199,0.606915779,271.1566183918752,209.34441081116427,204.0535549309908,202.38935849729341,382.0,216.0,2.429096274276851,16.310308574840555,4.108698690232723,0.9504995241248899
6,200,400,199,0.3979492187500002,249,0.63317232,263.77741423212,206.12854732580416,198.6883583917065,197.11141072532916,440.0,258.0,2.325871868709055,15.850423621129055,4.0517605960028185,0.9282285636885391
6,200,400,199,0.3681640625000001,298,0.855440835,258.540557237853,204.21440328688712,194.72241789004696,193.2060153927387,492.0,304.0,2.2528969227166273,15.48685688324183,4.002711163433352,0.9126556345173942
6,200,400,199,0.3410644531250001,348,1.231257418,253.48659250013492,202.3845897710753,190.79608273451328,189.3495295712354,532.0,364.0,2.182742537513978,15.1075910881301,3.9301316376067974,0.8978858145674559
6,200,400,199,0.3054504394531251,398,1.990975946,246.34864648278815,198.94817353707498,185.25092814748496,183.90092424813645,570.0,426.0,2.079016949081917,14.528914497534553,3.7963134893996053,0.8775430074522483
