run,p,n,ktrue,lambda,k,time,objval,EBIC,loglik_val,loglik_test,TF,FF,operatorNorm,frobeniusNorm,L1MatrixNorm,LInfVectorNorm
2,200,50,199,0.5795898437500002,50,0.476697449,290.7855555971697,227.96848941967215,215.96879748896055,220.6141841038151,288.0,12.0,2.850096072123058,18.136617291184674,4.517494102322456,1.0863634712997028
2,200,50,199,0.4869384765625002,100,0.550165747,277.563926246299,233.1305216929275,208.24633749958562,212.55951618623794,334.0,66.0,2.7172900187380478,17.45701075946923,4.222276531835261,1.0469164240765145
2,200,50,199,0.4296875000000002,149,0.395083541,268.4485881169658,240.0876526472663,202.76310256075283,206.8427345760639,372.0,126.0,2.6116320590929125,16.922805474915098,3.9995016005085806,1.019985653544785
2,200,50,199,0.3959960937500002,199,0.484983452,262.4952357599676,249.03010233264843,199.06748356773937,203.00021574746896,404.0,194.0,2.5488603923850337,16.5520897486968,3.9359536907984163,1.0031048228060768
2,200,50,199,0.3691406250000001,249,0.600597795,257.4440082638993,258.1880480214965,196.1167104465784,199.9105531834469,416.0,278.0,2.4845880191369054,16.228087583461136,3.8724659379523314,0.9890540414059983
2,200,50,199,0.3530273437500001,298,0.810535779,254.260835478601,269.44669245817045,194.36633862921997,198.0512000132524,426.0,368.0,2.44507648398888,16.016996183259575,3.831181397945149,0.9803558420506412
2,200,50,199,0.3391113281250001,348,0.845155269,251.29889366146844,279.1984766505549,192.6842113964073,196.27740417420017,438.0,446.0,2.410207542547214,15.829500285687452,3.8229279847005104,0.9726753039076723
2,200,50,199,0.3245849609375001,398,0.828302211,248.0998119468819,290.85014677301683,190.9761266943777,194.45829230566576,450.0,540.0,2.37468222577086,15.617192582803348,3.8191915673769348,0.9644857449468013
