run,p,n,ktrue,lambda,k,time,objval,EBIC,loglik_val,loglik_test,TF,FF,operatorNorm,frobeniusNorm,L1MatrixNorm,LInfVectorNorm
5,200,350,199,0.7109375000000002,50,0.100724138,307.252155878722,224.70953495555162,226.22815207082957,223.6120815866418,242.0,58.0,2.9120609078970605,19.450262020976748,4.496966484582089,1.1843441072374985
5,200,350,199,0.5859375000000002,100,0.260679466,291.49487527435093,218.11040791039034,217.5771835286069,214.6923950978039,252.0,148.0,2.808238410194207,18.822245265292445,4.402511318650282,1.1382771211610652
5,200,350,199,0.5107421875000002,149,0.23036919,281.0902868402329,214.61897463471624,211.97870476896725,208.92780747137223,282.0,216.0,2.7240923356076543,18.370522325744574,4.353988704295777,1.1068926840971147
5,200,350,199,0.4311523437500002,199,0.384993004,269.0988185464614,210.26265549879002,205.51800226616896,202.32742224903168,330.0,268.0,2.6037326631955886,17.783419409226905,4.251744069312217,1.0700813608748097
5,200,350,199,0.3818359375000002,249,0.456607154,261.02548497139173,207.9295779593896,201.0241995659995,197.77118200738647,374.0,324.0,2.5154900167431666,17.33606661551265,4.183199172060451,1.04514408142147
5,200,350,199,0.3486328125000001,298,0.470933558,255.2337858243411,206.6662537204144,197.59669379569084,194.3222251729514,428.0,368.0,2.4519117272292834,16.976015637651585,4.1112302017895095,1.027327320381306
5,200,350,199,0.3129882812500001,348,0.723020223,248.61100435335067,204.693770234044,193.4362248444086,190.14733884683326,494.0,402.0,2.3736710265504497,16.512111405666236,3.987010109645056,1.007197572479793
5,200,350,199,0.2861328125000001,398,0.876435144,243.28351243258942,203.4815913681736,189.9966133464473,186.6932243385681,546.0,450.0,2.3081547059886316,16.10010451643388,3.8560007103717195,0.9912943157853605
