run,p,n,ktrue,lambda,k,time,objval,EBIC,loglik_val,loglik_test,TF,FF,operatorNorm,frobeniusNorm,L1MatrixNorm,LInfVectorNorm
7,200,50,199,0.7128906250000002,50,0.204176565,307.49148150859764,236.9263995079441,222.83274554539094,229.8471405856846,256.0,44.0,2.591517706336962,16.780214589185373,4.244953638355847,0.9592357310156954
7,200,50,199,0.6250000000000002,100,0.153443336,296.5656274525286,244.41285651674167,216.6034333595715,223.64462916937447,284.0,116.0,2.5061542243684007,16.338520457577385,4.02108901393236,0.9276595534874084
7,200,50,199,0.5605468750000002,149,0.331968452,287.87714020536305,252.52812661869862,211.34731994650136,218.38376194511048,320.0,178.0,2.44507412580215,15.953657915588929,3.8740121117153006,0.9022431676204593
7,200,50,199,0.5173339843750002,199,0.414072031,281.63516077445075,262.2972464274053,207.3030975874329,214.3929114331496,360.0,238.0,2.3996013649856174,15.646712490594101,3.7964065980116857,0.8839934850425789
7,200,50,199,0.4746093750000001,249,0.971709275,275.0457637763905,271.44498040696493,202.84452565479225,209.99635750371326,384.0,314.0,2.3447693430118473,15.2910514176026,3.7144377970907363,0.8648984735077854
7,200,50,199,0.4503173828125001,298,1.332982767,271.07679182430115,282.290885364889,200.12158066408767,207.3292488748806,412.0,384.0,2.3118639080398014,15.064782529204264,3.6541002672585616,0.8535399183880578
7,200,50,199,0.4227294921875001,348,1.561773131,266.3355905911028,292.5567247110168,196.80331681526354,204.08812425994546,438.0,458.0,2.2724738635843638,14.779505888411673,3.582147838026155,0.8401698659977209
7,200,50,199,0.3994140625000001,398,1.474775176,262.10477957741966,303.1892473130215,193.8640108630567,201.22685286993095,452.0,544.0,2.2375384452843314,14.513714328960711,3.5138541323156933,0.8284593817122192
