run,p,n,ktrue,lambda,k,time,objval,EBIC,loglik_val,loglik_test,TF,FF,operatorNorm,frobeniusNorm,L1MatrixNorm,LInfVectorNorm
2,200,350,199,0.5234375000000002,50,0.381739422,283.4006336154675,212.8153119558859,214.35993448704232,211.93629273943947,298.0,2.0,2.8066974837612433,17.811173330412913,4.566048366662223,1.063028949047097
2,200,350,199,0.4062500000000002,100,0.248707322,265.74699802399334,204.13080653366382,203.16322135988077,201.07150603791325,396.0,4.0,2.542420774778696,16.792547354973305,3.955059988385921,1.0083280943462425
2,200,350,199,0.3481445312500001,149,0.732151832,255.7349864842528,199.52885241190316,196.160865745732,194.34048675663513,490.0,8.0,2.4011913008391104,16.089283766541975,3.616200054325167,0.9776789736572811
2,200,350,199,0.2500000000000001,199,0.38280974,235.65965809024482,187.14228575375776,181.17968814392975,179.927714038665,582.0,14.0,2.0936733840129342,14.362424293352836,3.123616688441286,0.9194392054573536
2,200,350,199,0.16430664062500006,249,0.846504986,212.7823813563461,174.7766464595113,166.58975794797954,166.01516915334122,596.0,96.0,1.8649500731501774,12.522919558322299,2.8455481861018885,1.7154031666341147
2,200,350,199,0.15020751953125006,298,0.978306911,208.32743470129597,174.16736351866646,164.23862512422713,163.7769166012928,596.0,180.0,2.0485225143823755,12.219797814470784,3.0984570961002937,1.8754888075862985
2,200,350,199,0.14074707031250006,348,0.823877694,205.20334222812883,174.77248212970517,162.66625532306568,162.31198934756517,596.0,284.0,2.266610387386884,12.034209462201146,3.5253122464641007,2.075128775327881
2,200,350,199,0.13403320312500006,398,0.869041716,202.88128307580817,175.5459881776656,161.55603220647717,161.26632457236138,596.0,374.0,2.3232877131995857,11.887414202860134,3.6075111782966345,2.137473699659607
