run,p,n,ktrue,lambda,k,time,objval,EBIC,loglik_val,loglik_test,TF,FF,operatorNorm,frobeniusNorm,L1MatrixNorm,LInfVectorNorm
1,200,550,199,0.6328125000000002,50,0.098065665,297.68713911539896,219.12996612786603,219.11648004963092,218.55619170251856,240.0,60.0,2.511933610859616,16.748355037643613,4.004319221619047,0.9576475828857991
1,200,550,199,0.5617675781250002,100,0.34438083,288.40086575540494,215.52584537619276,213.96897304429302,213.44269546479066,264.0,136.0,2.451744709881474,16.37549112273729,4.034290212745133,0.9297876335824101
1,200,550,199,0.5117187500000002,149,0.297397045,281.45112183137223,212.95255318528908,209.90863307404618,209.40110569918994,312.0,186.0,2.3853959924486774,16.069456595542995,4.020542369990814,0.908589066263023
1,200,550,199,0.4492187500000001,199,0.49241239,272.1553633405142,208.51858140176438,204.02678937766404,203.53410723959092,382.0,216.0,2.290420499987498,15.587882834213028,3.9659262632923302,0.8800608200954614
1,200,550,199,0.4012298583984376,249,1.145843785,264.4095810423666,204.6111811763439,198.68402661554921,198.23107406840774,454.0,244.0,2.2155540774480778,15.10872685849581,3.8733606392712203,0.8564289880247066
1,200,550,199,0.3588867187500001,298,1.226002141,256.9909087298847,200.50913219738487,193.15623267234704,192.77824093907466,534.0,262.0,2.1394839603982323,14.57026945100918,3.744527902218045,0.834191259720718
1,200,550,199,0.2910156250000001,348,1.189354301,243.5474506243097,191.7001312419064,182.96290994528664,182.67799126172406,588.0,308.0,1.9816557015396008,13.42923026956913,3.4195484481892233,0.7955038105819824
1,200,550,199,0.22576904296875006,398,2.767441586,228.2279545692379,182.48802903945878,172.419124639142,172.20619898293018,596.0,400.0,1.7734377366850163,12.010585856982914,3.4993128277245136,0.7542734039103653
