run,p,n,ktrue,lambda,k,time,objval,EBIC,loglik_val,loglik_test,TF,FF,operatorNorm,frobeniusNorm,L1MatrixNorm,LInfVectorNorm
6,200,500,199,0.6462402343750002,50,0.165455459,299.47319781067847,220.60211921338205,220.00865205881132,220.4793401650611,248.0,52.0,2.7024264150292643,17.664030001099835,4.087479179441034,1.0361173723515273
6,200,500,199,0.5449218750000002,100,0.178335942,286.2230529362067,214.54165934874436,212.26804363476919,212.58227368317404,298.0,102.0,2.6020348913062694,17.093417669177374,4.110806507450776,0.9962802082596461
6,200,500,199,0.4990234375000002,149,0.625244618,279.726704178829,212.05396222348568,208.13593815342284,208.3655170897287,332.0,166.0,2.534363088007137,16.777314725442732,4.107441558548429,0.9764611526791539
6,200,500,199,0.4355468750000002,199,0.516581205,270.0583746908582,207.22599843662127,201.6619353799741,201.76619019605673,386.0,212.0,2.415831957610939,16.248428957327313,4.079812218003312,0.9469634904220686
6,200,500,199,0.4008789062500002,249,0.738721074,264.3626299005276,204.87342513917446,197.65651945825442,197.7162742454982,440.0,258.0,2.336794670389974,15.894719900344068,4.038056430989767,0.9297245558102316
6,200,500,199,0.3676757812500001,298,1.043298777,258.55909030170903,202.15664646092907,193.35179604471705,193.36768780801384,494.0,302.0,2.2553326762446333,15.492295371464083,3.9874175970790082,0.9123946896779225
6,200,500,199,0.3347167968750001,348,1.302680748,252.3857030058728,199.01642681129627,188.6009987004008,188.57423175735872,554.0,342.0,2.1656203153109703,15.016386587891224,3.9019048953052633,0.8943395215003129
6,200,500,199,0.2968750000000001,398,0.846186236,244.6816350444007,194.73065774363172,182.71119865097523,182.64162787509287,584.0,412.0,2.0499140669681184,14.371546372978894,3.7565593365840138,0.8724777925284534
