run,p,n,ktrue,lambda,k,time,objval,EBIC,loglik_val,loglik_test,TF,FF,operatorNorm,frobeniusNorm,L1MatrixNorm,LInfVectorNorm
9,200,600,199,0.5781250000000002,50,0.350095494,290.71671784678836,215.44949358377292,215.1432662725591,215.72009500051792,300.0,0.0,2.3153937516758174,15.726517667397209,3.356754767054326,0.876846999190262
9,200,600,199,0.4941406250000002,100,0.358956928,279.00430274855864,209.04323102547332,207.4182696508495,207.87298395509973,400.0,0.0,2.2110408194971414,15.091260777975371,3.1573276714069385,0.8412293197752616
9,200,600,199,0.4296875000000002,149,0.440037512,268.98465718598686,202.4619918995706,199.56666779259604,199.9068172405184,498.0,0.0,2.107532316028712,14.393208835793715,2.9243739448432176,0.8110568136143274
9,200,600,199,0.2031250000000001,199,0.666288517,219.41378049378488,165.02274584954375,161.0959790001923,161.03697428630852,594.0,2.0,1.4305214525485916,9.890361258938348,1.805169594508194,0.9971324801180601
9,200,600,199,0.12060546875000006,249,1.147515446,190.9632453725977,149.97675420941545,145.30788279550373,145.06187066375279,598.0,98.0,3.3363923138058906,8.736349737569236,5.172405916781175,2.640123656978566
9,200,600,199,0.11138916015625006,298,1.351164507,187.1412309975078,149.19279979381707,143.63116506583006,143.35332718587668,598.0,178.0,3.6857793497817104,8.841650892010406,5.726512925520505,2.9051259968066536
9,200,600,199,0.10437011718750006,348,1.22296988,183.98423031849921,148.97478020728485,142.3431475932686,142.07594519247604,598.0,276.0,3.8621998060613536,8.878495243256628,6.338606494513262,3.163053162355592
9,200,600,199,0.10064697265625006,398,1.345123802,182.3121274273368,149.30224965944979,141.70070998534896,141.40066640327032,598.0,360.0,3.9129841284696942,8.9150240006794,6.303770882682356,3.1819358688705575
