run,p,n,ktrue,lambda,k,time,objval,EBIC,loglik_val,loglik_test,TF,FF,operatorNorm,frobeniusNorm,L1MatrixNorm,LInfVectorNorm
1,200,150,199,0.5341796875000002,50,0.449808109,284.9133326958439,216.84777993344386,211.65159518768053,213.48332107554728,300.0,0.0,2.363727012223593,16.165254278280273,3.858081877777915,0.9182736431466881
1,200,150,199,0.4414062500000002,100,0.391199016,271.4218368303346,213.3530876399796,203.77535411017155,205.22958041636184,400.0,0.0,2.2461861971156947,15.400131916902774,3.607104552574429,0.8763208366039824
1,200,150,199,0.3769531250000002,149,0.495970832,260.8102590030095,210.47501612221296,196.62291201762073,197.68622953259265,496.0,2.0,2.130054455887217,14.645536977592652,3.3684792578906477,0.8438466395215861
1,200,150,199,0.2775573730468751,199,0.786099524,241.00475287505793,199.88623919431245,182.32317272399524,182.67553541704848,572.0,26.0,1.8797083497363238,12.995808079306515,2.777414979416316,0.7873440626425632
1,200,150,199,0.2304687500000001,249,0.663929633,229.7163486412449,196.52509308092706,174.74602820416584,174.85817285231144,596.0,102.0,1.722107460537605,11.992256524425095,2.3592063673281682,1.2609515159539293
1,200,150,199,0.2119140625000001,298,0.738572936,224.66716659425626,197.1914082259019,171.67612146691405,171.59322670484747,596.0,192.0,1.6561330021937668,11.572054037873976,2.429916949107704,1.4824363880298863
1,200,150,199,0.2006835937500001,348,0.846903121,221.3861792786225,199.59886485401154,169.75127154200868,169.59633847072251,596.0,290.0,1.723902174256992,11.314554577454837,2.681168629010054,1.6294473228955582
1,200,150,199,0.1923828125000001,398,0.727753749,218.7879960565912,201.92314525110234,168.251749786667,168.04689150208176,596.0,376.0,1.6369158883683057,11.109812520960672,2.5749350303697147,1.4448527595756837
