run,p,n,ktrue,lambda,k,time,objval,EBIC,loglik_val,loglik_test,TF,FF,operatorNorm,frobeniusNorm,L1MatrixNorm,LInfVectorNorm
8,200,250,199,0.6562500000000002,50,0.077452365,300.7320368673762,222.85336599983336,218.8407468990231,221.7748583965476,260.0,40.0,2.799959228378954,18.27341180650411,4.568960378570485,1.0881954225862125
8,200,250,199,0.5449218750000002,100,0.228864324,286.216531203386,217.41637509841203,209.85837830721746,212.86247664561787,298.0,102.0,2.6849294758080355,17.63825681269857,4.246858519381579,1.0446870858736683
8,200,250,199,0.4833984375000002,149,0.515929507,277.3887322579444,214.79638383690474,203.98448243050558,206.9548198019454,346.0,152.0,2.5971350107085027,17.192797979011875,3.991088131150229,1.017841291889503
8,200,250,199,0.4399414062500002,199,0.528364771,270.6872780096867,213.37444349008106,199.3078131790358,202.2189494807467,394.0,204.0,2.519090850425725,16.81662669239734,3.806376863190863,0.9974963048808184
8,200,250,199,0.3989257812500002,249,0.65347737,263.91378624166794,211.6487515955582,194.3636311142742,197.2051131902724,444.0,254.0,2.4279685423168167,16.39327636402894,3.680814293673837,0.9771348015581907
8,200,250,199,0.37500000000000017,298,0.299173444,259.7196024934743,211.60753702827444,191.18535476419538,193.9738011284718,484.0,312.0,2.3652804474002855,16.104870511435802,3.6485785516687015,0.9646962802191458
8,200,250,199,0.3469238281250001,348,0.979515719,254.52638257367352,210.80891639917013,187.22651884985066,189.92917791948486,526.0,370.0,2.284777575516877,15.723521207227757,3.583237161298549,0.949536526070811
8,200,250,199,0.3135986328125001,398,1.333860687,247.91869525412704,208.88910956561125,182.1992117065572,184.79139471201717,560.0,436.0,2.1801345762682347,15.200832972129723,3.475231002788453,0.930701467300441
