run,p,n,ktrue,lambda,k,time,objval,EBIC,loglik_val,loglik_test,TF,FF,operatorNorm,frobeniusNorm,L1MatrixNorm,LInfVectorNorm
0,200,350,199,0.6613769531250002,50,0.510323081,301.33121111840245,221.82983552052988,220.83925529506746,221.14202036728273,300.0,0.0,2.497029662752035,16.51570698026675,3.91858483512,0.9399690615399469
0,200,350,199,0.5175781250000002,100,0.34541047,282.02255641997795,210.68624550890723,207.4814142282233,207.50453855935,400.0,0.0,2.3229467057594047,15.499727879053228,3.6799182320426276,0.8829347626246781
0,200,350,199,0.4204101562500002,149,0.583383881,266.54136275108374,200.469083429305,194.98954505086346,194.82461463963466,498.0,0.0,2.137696882215216,14.419256327119374,3.319834760710304,0.8378574208818156
0,200,350,199,0.2656250000000001,199,0.556646906,234.09179842277115,175.5990288064278,167.70370534885873,167.3039846554447,596.0,2.0,1.660747028156652,11.490010602816003,2.2207361055112647,0.7517559647792136
0,200,350,199,0.15966796875000006,249,0.937942127,201.65321755942998,155.31796924764066,145.49115876853574,145.0186729714236,598.0,100.0,1.8682439434135303,9.227020735233465,2.784413645411661,1.6549509094830757
0,200,350,199,0.14550781250000006,298,1.065272301,196.19788376857116,153.94975352889477,142.41307470143593,141.92704722209723,598.0,188.0,2.156636622977891,9.140739947061133,3.358204741430457,1.923743601796535
0,200,350,199,0.13589334487915045,348,1.536934287,192.30224104024074,153.74827126918376,140.4094619156699,139.87675138763615,598.0,282.0,2.375635209233016,9.119194950743733,3.792864495831467,2.128364110582015
0,200,350,199,0.12872314453125006,398,1.244824174,189.20156265454403,153.91595301803312,138.9489346384121,138.35812866409663,598.0,370.0,2.3615504969643664,9.09153309827642,3.683233465189733,2.1049664121898477
