run,p,n,ktrue,lambda,k,time,objval,EBIC,loglik_val,loglik_test,TF,FF,operatorNorm,frobeniusNorm,L1MatrixNorm,LInfVectorNorm
7,200,200,199,0.6914062500000002,50,0.118917537,304.9737969932426,225.46407214105125,224.5482634538294,223.27413181695073,262.0,38.0,2.5784176650711026,16.690475712058596,4.197147098071387,0.9518201503962731
7,200,200,199,0.5878906250000002,100,0.297346779,291.843284650181,221.22813187093226,216.32987372441497,215.3346841307688,286.0,114.0,2.471391185460005,16.14688767593861,3.9205395089440254,0.9132778712090471
7,200,200,199,0.5351562500000002,149,0.2237255,284.5747919054753,220.2338537976748,211.44642712605616,210.67039414159672,320.0,178.0,2.4168365441058692,15.818619163344144,3.8606634436643272,0.8916446777778763
7,200,200,199,0.4887695312500002,199,0.639166845,277.75797214241607,219.33973949872447,206.61173645695567,206.07039345765122,362.0,236.0,2.3607033382406026,15.478019086445936,3.7921590344738476,0.8713485309579537
7,200,200,199,0.4541015625000002,249,0.598737575,272.3463150298822,219.21670530678858,202.54081478275822,202.20117244445748,412.0,286.0,2.310494890895274,15.174075034902161,3.7291897428711174,0.8553342964744416
7,200,200,199,0.4195556640625002,298,0.977221804,266.62669347020255,218.61488263487323,198.08530541978428,197.94579370724273,464.0,332.0,2.2542289345983835,14.819348278825647,3.6454598886961005,0.838598386775541
7,200,200,199,0.3911132812500002,348,0.9023503,261.6268796632442,218.527337296576,194.06184026999313,194.1029409474042,496.0,400.0,2.2039054359898675,14.478733567513922,3.56086046036094,0.8241954500233051
7,200,200,199,0.3476562500000001,398,1.003958068,253.38197262291658,215.78503883417443,187.41908322786503,187.7323357535298,538.0,458.0,2.1278586834438564,13.86706641029756,3.388978356406563,0.8010151833647774
