run,p,n,ktrue,lambda,k,time,objval,EBIC,loglik_val,loglik_test,TF,FF,operatorNorm,frobeniusNorm,L1MatrixNorm,LInfVectorNorm
5,200,550,199,0.4641113281250001,50,0.484416087,274.88515575837744,208.03569068780763,207.0971258750612,207.74182833047956,300.0,0.0,2.5999086722316918,17.99908854475595,3.579797171922599,1.0858108223302048
5,200,550,199,0.3637695312500001,100,0.401402244,259.0807015450779,200.48327840591944,197.8305948309172,198.72373287440868,400.0,0.0,2.462073926058777,17.062137884209463,3.312183827543458,1.0355572673393185
5,200,550,199,0.3144531250000001,149,0.406180333,250.32431239626553,196.24439512866277,192.016720800349,193.03451436409512,498.0,0.0,2.360909739428542,16.42281607175019,3.0999655553209404,1.0080463333497065
5,200,550,199,0.22479248046875006,199,0.784631873,231.56581441109967,184.85039363828616,178.98839662653822,180.18366814088887,592.0,4.0,2.116024398163058,14.826861986039674,2.722729188138129,0.9523541503055492
5,200,550,199,0.12890625000000006,249,0.592341523,205.10463690331977,171.48401684649187,164.19546496943576,165.6036296915571,598.0,100.0,2.6085543798380306,12.935519544853479,4.229936452411945,2.3844844113352517
5,200,550,199,0.11938476562500003,298,0.917068996,201.94402077438627,171.09663445052573,162.80619443412067,164.2306907479785,598.0,176.0,2.897656191033389,12.804853972330495,4.699995406849794,2.6259162497583395
5,200,550,199,0.11135864257812503,348,0.954744511,199.21471106994485,171.05796183465048,161.66331958562537,163.11666540696626,598.0,260.0,3.1862861454349938,12.7330692140357,5.197913980160769,2.8660446291844064
5,200,550,199,0.10687255859375003,398,0.958843234,197.61969642300627,171.60152285625668,161.03551657268534,162.50564641051636,598.0,348.0,3.2668412036022922,12.680836997019956,5.272101554463325,2.9339773824082362
