run,p,n,ktrue,lambda,k,time,objval,EBIC,loglik_val,loglik_test,TF,FF,operatorNorm,frobeniusNorm,L1MatrixNorm,LInfVectorNorm
7,200,450,199,0.6835937500000002,50,0.197192462,304.0426328063878,222.9430433101204,220.7257288066126,222.84343128547795,264.0,36.0,2.5728871042248715,16.657145731571475,4.208078488793042,0.9490766514706316
7,200,450,199,0.5615234375000002,100,0.21453371,288.33353096724034,215.1149722876798,211.454550097866,213.2602805616952,284.0,116.0,2.4381215052927345,15.99809125778311,3.902643918715676,0.9026439187156761
7,200,450,199,0.5156250000000002,149,0.188515583,281.86878813672155,212.65292135086972,207.38157400191466,209.03596241562826,322.0,176.0,2.390330740479622,15.699231434737422,3.8555804411857064,0.8832503544390341
7,200,450,199,0.4746093750000001,199,0.624379771,275.74802745968634,210.12031480770486,203.21444442772693,204.71607480467486,382.0,216.0,2.3386820631309133,15.380523792553635,3.74833006659479,0.8648984735077854
7,200,450,199,0.4367675781250001,249,0.854303908,269.7398777572522,207.34572506969903,198.81846402721402,200.16197648162355,436.0,262.0,2.2862994228392046,15.024167449131367,3.6613525497550525,0.8470373719306474
7,200,450,199,0.4042968750000001,298,0.747634635,264.2484237689713,204.75560523079798,194.64076252532308,195.83581306169262,482.0,314.0,2.2361278131201052,14.66253774951941,3.586108512255721,0.8309440297899654
7,200,450,199,0.3646850585937501,348,1.606560225,257.04230739954176,200.7397813314291,189.06271379550626,190.0666025395391,536.0,360.0,2.171761616034747,14.137281327421864,3.458880064797365,0.8102743670025305
7,200,450,199,0.3251953125000001,398,1.348245759,249.1931240993152,196.24434721448225,182.9660373252971,183.8021133927983,572.0,424.0,2.1034296588961223,13.508068580637243,3.294702160244807,0.7884384208985529
