run,p,n,ktrue,lambda,k,time,objval,EBIC,loglik_val,loglik_test,TF,FF,operatorNorm,frobeniusNorm,L1MatrixNorm,LInfVectorNorm
0,200,100,199,0.6835937500000002,50,0.137415465,304.03141736137485,228.5199729303739,231.13502119885595,224.64768402296625,274.0,26.0,2.5145255679836973,16.632296472080547,3.9479119041679445,0.9479119041679448
0,200,100,199,0.6230468750000002,100,0.347787984,296.44356060323315,230.95754340252043,225.69204952036836,219.5737760304902,322.0,78.0,2.4629075989222566,16.297823196733802,3.897203224583519,0.9257542711481577
0,200,100,199,0.5722656250000002,149,0.273381319,289.6534786315336,233.18636373574714,220.16413860248105,214.47864135113747,356.0,142.0,2.4069709307543836,15.967457723539319,3.8096346867578723,0.9058545768488402
0,200,100,199,0.5312500000000002,199,0.285492315,283.8066801601677,235.8929357620798,214.9944999929632,209.72165534413693,402.0,196.0,2.3524981726002436,15.65110668896134,3.7304420580917586,0.8888181970795411
0,200,100,199,0.4843750000000002,249,0.698949458,276.6323216228088,237.29814897971767,208.5359584800979,203.70852987161788,440.0,258.0,2.2766893649022792,15.228708543023236,3.617527444304296,0.8681952110430213
0,200,100,199,0.4475097656250002,298,1.13043802,270.5517021785772,239.40038345895644,202.99399113687247,198.5269139819937,464.0,332.0,2.2094748649519818,14.842687612613476,3.50771550633028,0.8510377956627762
0,200,100,199,0.4160156250000002,348,0.98820305,264.9942881038765,242.02794972671126,197.92298800247457,193.76897266361922,500.0,396.0,2.1442985789822404,14.466156463394816,3.3980487702199498,0.8356725250176129
0,200,100,199,0.3901367187500002,398,1.332873243,260.1363826737657,245.23514248635064,193.4984654814671,189.59470831062862,524.0,472.0,2.084157858274481,14.117719772153661,3.295879878060542,0.8225257159142615
