run,p,n,ktrue,lambda,k,time,objval,EBIC,loglik_val,loglik_test,TF,FF,operatorNorm,frobeniusNorm,L1MatrixNorm,LInfVectorNorm
0,200,300,199,0.6644287109375002,50,0.522398641,301.69509266042655,222.3362288251591,220.64749942742222,221.76877929597282,300.0,0.0,2.500222769405524,16.528560234099515,3.923550047465326,0.9410726742279362
0,200,300,199,0.5104675292968752,100,0.581317859,280.92413587402206,210.41090433843402,206.1547626346785,207.08124388039323,400.0,0.0,2.312358053183648,15.42491862718506,3.668473571064064,0.8798327501883894
0,200,300,199,0.4238281250000002,149,0.588370027,267.0527093871355,201.77073382313858,194.9156474945711,195.70165768679604,498.0,0.0,2.1437660213084246,14.449772203792733,3.347097387016329,0.8395474599781162
0,200,300,199,0.2734375000000001,199,0.502696984,235.8471891371516,178.13033720155522,168.64830331492607,169.26485146230053,594.0,4.0,1.7002079225371494,11.664226360748053,2.3385761340142115,0.7566033479497052
0,200,300,199,0.17041015625000006,249,1.016367877,205.17557499368868,158.8659296147159,147.0933473428267,147.71335149859902,598.0,100.0,1.6967100128740735,9.388343547875149,2.5000398472085767,1.5226849904608144
0,200,300,199,0.15432739257812506,298,1.222903181,199.22397316984546,157.32947033068825,143.57226337488726,144.21748476587902,598.0,188.0,2.006532237299247,9.21423258508405,3.1121312897772757,1.8088993871636545
0,200,300,199,0.14526367187500006,348,1.187325724,195.5835779273461,157.60897649352827,141.63559302143432,142.2470058709137,598.0,286.0,2.023589776732645,9.113811418218676,3.003643326433054,1.8026240579333501
0,200,300,199,0.13818359375000006,398,1.142759181,192.64898050397935,157.9745784741543,140.21086898415498,140.71129345086655,598.0,372.0,2.054565070894884,9.082437523761545,2.9455952321133045,1.814313679613188
