run,p,n,ktrue,lambda,k,time,objval,EBIC,loglik_val,loglik_test,TF,FF,operatorNorm,frobeniusNorm,L1MatrixNorm,LInfVectorNorm
6,200,300,199,0.6562500000000002,50,0.077968265,300.6911729816168,222.14148572165908,221.0620871084709,221.26157616847223,250.0,50.0,2.7107233153471526,17.71010032863598,4.102542048285749,1.0397885449721904
6,200,300,199,0.5527343750000002,100,0.303891305,287.2390331655391,217.01828582296423,213.31842457205104,213.3745463266884,292.0,108.0,2.6121131622772564,17.138634351518863,4.109311573410423,0.9995369726451464
6,200,300,199,0.5019531250000002,149,0.239958688,280.0783268559613,215.13732593976567,208.82783379560902,208.8077430936167,330.0,168.0,2.53955703998703,16.793475967044394,4.123843111999438,0.9777623899558743
6,200,300,199,0.4492187500000002,199,0.540079522,272.11809548354137,212.46230775391751,203.49608050517006,203.40724296292706,390.0,208.0,2.440510233513252,16.361596163576944,4.105043476801354,0.9535351756999533
6,200,300,199,0.4082031250000002,249,0.507415926,265.46174336808224,210.37907581837592,198.77698287054403,198.6458949412795,436.0,262.0,2.3492502180892267,15.953509751961573,4.051187012515842,0.9334373032481699
6,200,300,199,0.3778381347656252,298,1.099748303,260.20873849135813,209.06692812303626,194.8850442690333,194.735953287905,484.0,312.0,2.275171732987989,15.596241088303389,3.9951245525994388,0.9177874726318432
6,200,300,199,0.3457031250000001,348,0.961261479,254.28443115311418,207.2142229764447,190.41948548156353,190.25981254812638,526.0,370.0,2.193941181018911,15.160900043549088,3.909420475145197,0.9004561792247304
6,200,300,199,0.3085937500000001,398,1.047831691,246.88616094013474,204.18594309402482,184.7950759675243,184.6296949218425,568.0,428.0,2.0866862767567027,14.56641810091089,3.76264643543116,0.8793830254002389
