run,p,n,ktrue,lambda,k,time,objval,EBIC,loglik_val,loglik_test,TF,FF,operatorNorm,frobeniusNorm,L1MatrixNorm,LInfVectorNorm
8,200,550,199,0.6542968750000002,50,0.295442352,300.4624755832091,220.80655890979952,220.11043130121925,220.62650738728001,260.0,40.0,2.796322135840611,18.25727212028997,4.574428768685776,1.0874825848236322
8,200,550,199,0.5566406250000002,100,0.334972023,287.75443405169096,214.631765205392,212.30066508351382,212.90577431667458,296.0,104.0,2.6976685721783324,17.70289627193427,4.315476854399088,1.049559973614834
8,200,550,199,0.4991149902343752,149,0.543074704,279.60711541757104,210.91272198702475,206.9956888768803,207.6718951045167,344.0,154.0,2.6241248531296146,17.30740244291919,4.090847724839902,1.0249087709428024
8,200,550,199,0.4394531250000002,199,0.599543068,270.46091415592986,206.1398702242962,200.59449688126455,201.36739299823518,376.0,222.0,2.5154433105590326,16.803184995235863,3.8056268088645204,0.997260730694044
8,200,550,199,0.4057617187500002,249,0.557189344,264.9083230549116,203.73751263248408,196.59981612434254,197.43738614671847,428.0,270.0,2.440364962962083,16.46624025695056,3.7228753401686214,0.980610897036854
8,200,550,199,0.3779296875000002,298,0.656619936,260.06329273598254,201.65137009350238,192.9660256950058,193.85819390191213,466.0,330.0,2.3701866941227676,16.146271691166092,3.702835387364509,0.9662425723394987
8,200,550,199,0.3499755859375001,348,1.117635766,254.9178160602386,199.2492520504067,188.98770271462897,189.94113441293052,514.0,382.0,2.2917676172621912,15.77645970856014,3.654044025461354,0.9512148705898021
8,200,550,199,0.3200683593750001,398,1.171993469,249.04941980582805,196.2513133295061,184.4038198597013,185.4283058417436,566.0,430.0,2.197180624883919,15.319669650159542,3.5711843711979587,0.9344324807672567
