run,p,n,ktrue,lambda,k,time,objval,EBIC,loglik_val,loglik_test,TF,FF,operatorNorm,frobeniusNorm,L1MatrixNorm,LInfVectorNorm
3,200,200,199,0.4965820312500002,50,0.478256274,279.8479560807615,213.7857584938238,211.0420958177113,212.27301163369896,300.0,0.0,2.4478218310749895,16.790509764108297,3.8330995861915738,0.974533305692217
3,200,200,199,0.4082031250000002,100,0.345872943,266.64876099701996,209.64107523385871,202.99086459127437,204.13868948278798,398.0,2.0,2.331546074994283,16.022362071859366,3.4777470252088483,0.9325977123414919
3,200,200,199,0.3510742187500001,149,0.465579415,257.0676684612839,206.74363257972362,196.32085919341486,197.41564686984415,494.0,4.0,2.253194911996059,15.331598095618208,3.2039140278762748,0.9025707500300814
3,200,200,199,0.2675781250000001,199,0.683754131,240.6277642397554,198.25524411839427,184.17047769508764,185.11717996384533,580.0,16.0,2.083890076966048,13.921862736315285,2.81300261502383,0.8538165297261806
3,200,200,199,0.2045898437500001,249,0.749717026,225.4687005140721,191.43311202627652,173.99505285141146,174.88828013018596,596.0,98.0,1.8960704769857435,12.567992644815744,2.4207941502741543,1.3569111361882835
3,200,200,199,0.1877441406250001,298,0.664369515,220.90676370820546,192.09945323396403,171.3318326323288,172.18830052023714,596.0,194.0,1.8376900232321878,12.184374652473466,2.7036907359439204,1.6534638391687921
3,200,200,199,0.17849731445312506,348,0.936333584,218.25209053203486,193.76955128589336,169.85386533115374,170.72041236255612,596.0,286.0,1.9766214399915696,11.977549288706538,3.0593006791758017,1.835034133810086
3,200,200,199,0.17065429687500006,398,0.78608492,215.88266057147598,195.79156632625765,168.65152994757503,169.46313494394138,596.0,382.0,2.1423616722723207,11.807875477787128,3.28434871593456,1.9786408235145978
