run,p,n,ktrue,lambda,k,time,objval,EBIC,loglik_val,loglik_test,TF,FF,operatorNorm,frobeniusNorm,L1MatrixNorm,LInfVectorNorm
3,200,500,199,0.6328125000000002,50,0.101376776,297.7545332018309,219.6071086573735,218.14167703284403,219.13489533312455,240.0,60.0,2.593160968256797,17.59261141149023,4.088459001907205,1.030282347583613
3,200,500,199,0.5371093750000002,100,0.214186612,285.15982875589,214.55890225101643,211.33319750758,212.04268075591375,278.0,122.0,2.5148532052975354,17.076259442225965,4.081226607065988,0.9921507473574499
3,200,500,199,0.4765625000000002,149,0.458995586,276.5324480607659,211.1792104982441,206.27549063424004,206.76661990713092,314.0,184.0,2.436963946566017,16.669854318518816,4.057590331433985,0.9654738617224956
3,200,500,199,0.4301757812500002,199,0.595942424,269.4704250101219,208.49922865786314,201.94371310971852,202.2600511808354,376.0,222.0,2.3680897404095345,16.2943170977109,3.995883412173333,0.9435077899100599
3,200,500,199,0.3867187500000002,249,0.570712631,262.3944888588602,205.46157430118552,197.29904532059078,197.45251251137284,444.0,254.0,2.3059892133788193,15.861290417010824,3.9253830911985603,0.9215957784077926
3,200,500,199,0.3547363281250001,298,1.103060799,256.824312229634,203.04001002509332,193.31441961071988,193.34578005286113,516.0,280.0,2.261485361561651,15.462758386968524,3.8418979658166914,0.904571520769695
3,200,500,199,0.3105468750000001,348,1.187449055,248.4740583047093,198.43314331839105,187.1672995541922,187.01431151492488,578.0,318.0,2.1950672492035617,14.787503283097568,3.664790355888094,0.8796823005210982
3,200,500,199,0.2460937500000001,398,1.521711909,234.55205065842185,190.13126582377825,177.44712909160035,176.9891064936008,594.0,402.0,2.0573565811199406,13.542055849129408,3.3599139043750137,0.8402147019805772
