run,p,n,ktrue,lambda,k,time,objval,EBIC,loglik_val,loglik_test,TF,FF,operatorNorm,frobeniusNorm,L1MatrixNorm,LInfVectorNorm
0,200,400,199,0.6992187500000002,50,0.207820265,305.92183770452357,224.14300037547756,223.56648132611235,223.11859838810386,280.0,20.0,2.526058161398917,16.710503174379088,3.9477419389822774,0.9533736744429002
0,200,400,199,0.6132812500000002,100,0.325004047,295.16836530272576,218.9648802692999,216.3846664992726,215.84976426250932,336.0,64.0,2.4522858652909716,16.231212887955493,3.8711587787649595,0.9220247000197002
0,200,400,199,0.5590820312500002,149,0.409660269,287.8145798487549,215.31322589504717,210.73503685747704,210.12137616540085,366.0,132.0,2.3851013715712313,15.857666592273425,3.7724722171686524,0.9004763523554317
0,200,400,199,0.5166015625000002,199,0.295317872,281.6427307199094,212.32314525115987,205.71767106614465,205.0091038748414,398.0,200.0,2.3248491409409726,15.519082753310215,3.674836093700831,0.8825104582724922
0,200,400,199,0.4763183593750002,249,0.904975864,275.3837125779824,209.06175929526543,200.42531205271155,199.62306234714902,434.0,264.0,2.2578766147326466,15.148158770955432,3.5461258848028967,0.8645187468546025
0,200,400,199,0.4414062500000002,298,0.800410095,269.57879381060576,206.0410278686293,195.38007753652334,194.52760290350142,478.0,318.0,2.1931613347911316,14.776801358999881,3.421753206719489,0.8481124838999603
0,200,400,199,0.4082031250000002,348,0.950688261,263.6692813354922,202.85355338827702,190.13155321011902,189.23480572366802,516.0,380.0,2.1245175283076487,14.366093947178614,3.2878683264582715,0.831754594939656
0,200,400,199,0.3809661865234377,398,1.995684455,258.4928225556285,200.33204118426272,185.57284645522475,184.62694145210537,546.0,450.0,2.0569997705476997,13.98322463572392,3.155983181701949,0.8177487297690652
