run,p,n,ktrue,lambda,k,time,objval,EBIC,loglik_val,loglik_test,TF,FF,operatorNorm,frobeniusNorm,L1MatrixNorm,LInfVectorNorm
0,200,300,199,0.7016601562500002,50,0.324632771,306.2094018769427,224.9134850651687,223.1743961640775,224.31478735020573,284.0,16.0,2.5274927651487067,16.72082871929405,3.9507664220345253,0.954218015543512
0,200,300,199,0.6132812500000002,100,0.25440652,295.1552898218919,220.14350260888554,215.7982727478897,216.87762666782913,334.0,66.0,2.4515621171440616,16.2287387490496,3.87512511639327,0.9220247000197002
0,200,300,199,0.5654296875000002,149,0.380382939,288.6848875617744,217.84824579943842,210.9270099980788,211.91814464352862,362.0,136.0,2.393499263126971,15.90280221810724,3.789459136258329,0.9030771757801916
0,200,300,199,0.5181427001953127,199,0.616505723,281.8480457082528,214.98331752874878,205.44004629129478,206.3209137775532,396.0,202.0,2.327284698312535,15.53139683522689,3.6895423610531766,0.8831798145618088
0,200,300,199,0.4781494140625002,249,0.951936665,275.6460895461415,212.3931062894009,200.2063208836608,200.99758086362579,438.0,260.0,2.262563713855562,15.163837579175723,3.569782029939026,0.8653578260618632
0,200,300,199,0.4388427734375002,298,1.154565137,269.0949788215308,209.30643030924523,194.50023331267425,195.21667532271715,484.0,312.0,2.1882765288861923,14.7409057166234,3.4315919371854493,0.8468764521962989
0,200,300,199,0.4087524414062502,348,1.454209237,263.71891576523876,207.2231685384441,189.72674865298507,190.39838511694882,524.0,372.0,2.1237295054092815,14.364110096941111,3.30928484903977,0.8320314947030834
0,200,300,199,0.3686523437500001,398,1.5411802,255.97647124551833,203.0925712943991,182.92892427629832,183.5536477235703,542.0,454.0,2.0303548145722092,13.784337919851463,3.1441303847097295,0.8112336848586698
