run,p,n,ktrue,lambda,k,time,objval,EBIC,loglik_val,loglik_test,TF,FF,operatorNorm,frobeniusNorm,L1MatrixNorm,LInfVectorNorm
8,200,500,199,0.6582031250000002,50,0.216942097,300.94287216562503,221.203036493737,221.25500503321953,220.69088221340385,260.0,40.0,2.799782005649308,18.27674844957828,4.576383452537611,1.0889065811078917
8,200,500,199,0.5625000000000002,100,0.157998027,288.54539295517475,215.36912368330036,213.66808303557116,213.13119126250865,296.0,104.0,2.7040222146602395,17.738979810435275,4.325362666621965,1.051969007491873
8,200,500,199,0.4940338134765627,149,0.626338351,278.8423151020436,210.76172901828457,207.3270434160625,206.84383858963741,342.0,156.0,2.615675972261345,17.266629724549,4.055877016909046,1.022640113473714
8,200,500,199,0.4379882812500002,199,0.570026866,270.20336834827856,206.46794203653263,201.3030769591077,200.86362894202767,378.0,220.0,2.512176996276078,16.787174737089774,3.7778096352166983,0.9965530482389019
8,200,500,199,0.4096069335937502,249,0.713549593,265.53235995647674,204.8493177923216,197.96414637413326,197.56856064550237,428.0,270.0,2.449957291470453,16.505810069227437,3.750097232917745,0.9825513846297818
8,200,500,199,0.3818359375000002,298,0.592411265,260.72755739779507,202.91003883109082,194.3342009764191,193.99236278996614,466.0,330.0,2.3808163699781986,16.189529536997547,3.726909138106734,0.9682940958310957
8,200,500,199,0.3510742187500001,348,0.954218468,255.08519153257603,200.2566327365945,189.9666170086985,189.6859387435681,516.0,380.0,2.2948290958663202,15.78540876873723,3.676530446400453,0.9518172185507815
8,200,500,199,0.3198242187500001,398,1.043336034,248.94938772829937,197.23002752315742,185.21273145608313,185.0125225986463,560.0,436.0,2.195559209300468,15.310364406922037,3.586708091624076,0.9342923519239854
