run,p,n,ktrue,lambda,k,time,objval,EBIC,loglik_val,loglik_test,TF,FF,operatorNorm,frobeniusNorm,L1MatrixNorm,LInfVectorNorm
7,200,500,199,0.6796875000000002,50,0.184306197,303.5639920160838,222.44606048990966,219.77831912755943,221.7740312172062,264.0,36.0,2.565004130042984,16.63639688038173,4.182232785904322,0.9476953316627214
7,200,500,199,0.5688476562500002,100,0.347387102,289.32136783834426,215.31987130727018,211.1812459816166,213.17824942162287,284.0,116.0,2.4465607553961255,16.040069189651764,3.9056336491085624,0.9056336491085628
7,200,500,199,0.5136718750000002,149,0.318833751,281.5656911792135,211.84803351328603,206.22376074627107,208.21108064860238,322.0,176.0,2.390538296103867,15.684446595806472,3.858975623054813,0.8823990075817012
7,200,500,199,0.4757843017578126,199,0.813634185,275.9037171557202,209.46559633899187,202.30081220469575,204.27008777817557,386.0,212.0,2.3402708091923823,15.388408122276722,3.7556989237437097,0.8654383705118596
7,200,500,199,0.4394531250000001,249,0.690504205,270.14923191260664,206.72381097550812,198.04822148982208,199.97194761401116,428.0,270.0,2.2892723109648063,15.049492384412455,3.6740175619248143,0.8483358920741947
7,200,500,199,0.4082031250000001,298,0.684566343,264.89257564745714,204.16027224192806,194.0085622584926,195.8792964815834,480.0,316.0,2.2430015830453183,14.706588775412158,3.6120283640182893,0.8329193422423428
7,200,500,199,0.3710937500000001,348,0.886169861,258.20836870103386,200.38593858354884,188.7677921398322,190.55705646033792,528.0,368.0,2.18162417400048,14.22546743914031,3.5017014650948326,0.8136994395272943
7,200,500,199,0.3374023437500001,398,1.24464863,251.64946915823793,196.7329957714821,183.62080451476078,185.3289642242715,566.0,430.0,2.1230030600773295,13.710941521234961,3.372603540956716,0.795326023563517
