run,p,n,ktrue,lambda,k,time,objval,EBIC,loglik_val,loglik_test,TF,FF,operatorNorm,frobeniusNorm,L1MatrixNorm,LInfVectorNorm
6,200,150,199,0.5546875000000002,50,0.387319889,287.6593943180513,217.9381115802477,215.91137691732854,215.17401861207844,300.0,0.0,2.540838122877927,17.117605364672233,3.8727076314388795,1.000346049475841
6,200,150,199,0.4375000000000002,100,0.223735778,270.65021452887527,212.22201455699508,205.5720535317838,204.7035039676536,400.0,0.0,2.3247478134860096,16.1574677906411,3.4084399083100623,0.9479099559648075
6,200,150,199,0.3710937500000001,149,0.490150242,259.50810571510385,208.8538559883383,197.7058005154576,196.683989036402,490.0,8.0,2.17617701936538,15.361629845323764,3.031291688484369,0.9142174005331215
6,200,150,199,0.2773437500000001,199,0.567380194,240.76253183152417,199.2787570349592,183.9744707029834,182.81215428784668,560.0,38.0,1.9389457786607298,13.791986636380129,2.6472956922273476,0.8606875121408479
6,200,150,199,0.2412109375000001,249,0.856683749,232.1215035637038,197.42199553703503,178.11312416519368,176.81888247007504,576.0,116.0,1.8304199273083672,13.062175893147113,2.5489171005361277,1.1398518960614943
6,200,150,199,0.2226562500000001,298,0.63818474,227.15919285454697,198.56292933894042,174.77125309933007,173.5200598764996,582.0,210.0,1.7717635100460911,12.666769001690186,2.4757360982820793,1.329002055541259
6,200,150,199,0.2082519531250001,348,0.938670422,223.08339299009742,200.00322503879147,172.27785438348488,171.02765206948814,584.0,300.0,1.7214985674130712,12.363849539755508,2.503219459385403,1.409101395865575
6,200,150,199,0.2005615234375001,398,0.849861663,220.831062455623,203.07651098158973,170.93007061422693,169.72411981234114,590.0,390.0,1.6946135746337194,12.19527161024364,2.722475746106313,1.5349587502808697
