run,p,n,ktrue,lambda,k,time,objval,EBIC,loglik_val,loglik_test,TF,FF,operatorNorm,frobeniusNorm,L1MatrixNorm,LInfVectorNorm
8,200,450,199,0.6562500000000002,50,0.078259652,300.70396464589777,221.26563345545645,221.96119481115124,220.67415280459818,260.0,40.0,2.797798525063125,18.267284327396734,4.571212450790942,1.0881954225862125
8,200,450,199,0.5585937500000002,100,0.295118652,288.02204424519545,215.43763085498563,214.17720059765617,212.93398147034526,294.0,106.0,2.698615215147301,17.714945238532614,4.302989830167093,1.0503649974668103
8,200,450,199,0.4980468750000002,149,0.421687951,279.4510722061043,211.77690637495758,208.61349161019763,207.41170397113098,346.0,152.0,2.621424541643479,17.30011019763817,4.063262029377712,1.024433153515341
8,200,450,199,0.4394531250000002,199,0.523883009,270.4656677505845,207.44043073619494,202.35967590126603,201.1816977634674,386.0,212.0,2.516142475470649,16.80401783874337,3.7776607091646768,0.9972607306940439
8,200,450,199,0.4071044921875002,249,0.700181276,265.14166460345984,205.4967906971552,198.51666900136797,197.375514110342,434.0,264.0,2.444738847799232,16.480723763747108,3.7275832759733434,0.981289732745625
8,200,450,199,0.3779296875000002,298,0.669114235,260.06621702604895,203.4932916517919,194.6550992754094,193.55614295085638,478.0,318.0,2.37164067898708,16.14165418315419,3.703194628222925,0.9662425723394987
8,200,450,199,0.3457031250000001,348,0.742349068,254.10074729259452,200.78422315701312,190.05296659187582,189.00718295932643,522.0,374.0,2.2803116623452624,15.709609230873378,3.641179600408815,0.9488630568387525
8,200,450,199,0.3154296875000001,398,1.029695318,248.09404325852879,198.02005217909362,185.38994136961176,184.40541599680762,558.0,438.0,2.182856652373708,15.236566434436064,3.5491561945566983,0.9317611381526005
