run,p,n,ktrue,lambda,k,time,objval,EBIC,loglik_val,loglik_test,TF,FF,operatorNorm,frobeniusNorm,L1MatrixNorm,LInfVectorNorm
2,200,150,199,0.6679687500000002,50,0.18068663,302.1565705589137,225.4513751042473,225.99108555746758,223.72957917086515,254.0,46.0,2.9997346203735185,18.65813317199555,5.040131914625508,1.119907589532295
2,200,150,199,0.5947265625000002,100,0.29855172,292.86089982986505,224.99898729414204,220.4381440708255,218.14405837493456,282.0,118.0,2.927865462458264,18.268822720642728,4.878292322690101,1.0923724571413707
2,200,150,199,0.5175781250000002,149,0.304568732,282.25675723688767,223.3286305175662,213.86192090070523,211.5370374234892,318.0,180.0,2.8337720799594983,17.77859214290747,4.6577428902617015,1.0604945465126945
2,200,150,199,0.4587402343750001,199,0.56603686,273.46324967534304,222.84789736817066,208.41038652818594,206.0573339010105,348.0,250.0,2.7431367900451953,17.32849152364784,4.471384035812237,1.0339161929050522
2,200,150,199,0.4187011718750001,249,0.645992207,267.0490702684881,223.77415305124302,204.32200977506432,201.9744823172074,392.0,306.0,2.6740546407783135,16.96751494538821,4.340559267244436,1.0145691314597627
2,200,150,199,0.3815917968750001,298,0.701729977,260.7182604351244,224.4481197196887,200.1617589700306,197.80227977185666,438.0,358.0,2.6031639845398495,16.572973686314324,4.214289403428826,0.9956364134446303
2,200,150,199,0.3491210937500001,348,0.832306994,254.80966456327496,225.3930573565743,196.20656111725788,193.79898538026936,486.0,410.0,2.532419390145179,16.168624160839844,4.079935431715896,0.9782158974588012
2,200,150,199,0.3164062500000001,398,0.867467111,248.43714398582887,225.91881238859213,191.8540807823016,189.4310307389448,534.0,462.0,2.4472353386697465,15.69495342441478,3.9157098983560203,0.959795288543407
