run,p,n,ktrue,lambda,k,time,objval,EBIC,loglik_val,loglik_test,TF,FF,operatorNorm,frobeniusNorm,L1MatrixNorm,LInfVectorNorm
5,200,500,199,0.6890869140625002,50,0.247705066,304.6453621724954,222.786147132431,222.23164462311922,221.94106806419637,242.0,58.0,2.8923143934173794,19.3509830308155,4.4643618190810885,1.1767831471618888
5,200,500,199,0.5761718750000002,100,0.2111947,290.2654982750306,216.43233711723647,213.86343321661366,213.8339959819615,256.0,144.0,2.7988472966775273,18.772621188857933,4.3832956532821,1.1343704181132264
5,200,500,199,0.4907226562500001,149,0.43686363,278.3157561250774,211.58776608156776,207.14121331079247,207.2986151484485,284.0,214.0,2.6980657904614196,18.246870942976052,4.298097773039993,1.098003401860498
5,200,500,199,0.4144287109375001,199,0.506144179,266.640084467365,206.79127752470202,200.4551224175467,200.85381613683447,334.0,264.0,2.5801316868267703,17.66123484762582,4.205650418015136,1.0618197698147924
5,200,500,199,0.3734130859375001,249,0.563187869,259.85688296814766,204.51985765718086,196.40344811597208,196.9546241174469,396.0,302.0,2.5016672117323897,17.272781651564795,4.130611263176694,1.0407059364650577
5,200,500,199,0.3408203125000001,298,0.610097603,254.13859801379573,202.59654234523362,192.76536934212598,193.4408258453218,454.0,342.0,2.4332763228415595,16.903611970666553,4.047317420522769,1.0230069027690645
5,200,500,199,0.3105468750000001,348,0.808168106,248.5018783421862,200.53867973608118,188.9780324818367,189.7747592703291,512.0,384.0,2.3635192967582404,16.494639781713783,3.934090553539018,1.0057787546321726
5,200,500,199,0.2734375000000001,398,0.6407833,241.0641963866113,197.20334694884227,183.8817402750908,184.84336979082872,568.0,428.0,2.2691908544702803,15.897586851991697,3.7415336523207583,0.9835429194626155
