run,p,n,ktrue,lambda,k,time,objval,EBIC,loglik_val,loglik_test,TF,FF,operatorNorm,frobeniusNorm,L1MatrixNorm,LInfVectorNorm
0,200,350,199,0.6953125000000002,50,0.124642871,305.45732877005344,224.19469483876327,223.15210160831384,223.4924475558397,282.0,18.0,2.5233044831790417,16.693746240053148,3.9438823164714054,0.9520176704172633
0,200,350,199,0.6098632812500002,100,0.292169622,294.73421716903835,219.29785850208663,216.0235854998808,216.23975031054408,336.0,64.0,2.447720510231813,16.212822867069697,3.871333323423754,0.9207086602711873
0,200,350,199,0.5549316406250002,149,0.473921723,287.25558966820967,215.85358391247573,210.34591663287708,210.4290699052961,366.0,132.0,2.3795260986515347,15.83115531222896,3.7728650840374356,0.8987643328583933
0,200,350,199,0.5141601562500002,199,0.381653497,281.31570772914034,213.3468336693462,205.54926079659015,205.51064836301572,406.0,192.0,2.32064109189045,15.503114529078124,3.67051368177423,0.8814473028979408
0,200,350,199,0.4746093750000002,249,0.783938982,275.1640217981233,210.4487888835705,200.36075782643718,200.20259833032176,438.0,260.0,2.2560699522962313,15.13581419921039,3.5506762057411803,0.8637337262050987
0,200,350,199,0.4406738281250002,298,1.058733977,269.5214466935392,207.80728978994065,195.44775582096992,195.1943516044211,484.0,312.0,2.193643289458323,14.772006292594218,3.4299650811528513,0.8477597808304793
0,200,350,199,0.4067382812500002,348,1.115775422,263.47950893130314,204.76672159400744,190.08660521712477,189.7478945651021,518.0,378.0,2.1213261537416472,14.349729069035304,3.291842749041228,0.8310151383343493
0,200,350,199,0.3671875000000001,398,1.08744922,255.84349341213215,200.379503907958,183.39643281579677,182.9635338242736,546.0,450.0,2.0228307892849062,13.779371758822261,3.1092385172349064,0.8104508501407656
