run,p,n,ktrue,lambda,k,time,objval,EBIC,loglik_val,loglik_test,TF,FF,operatorNorm,frobeniusNorm,L1MatrixNorm,LInfVectorNorm
9,200,100,199,0.7109375000000002,50,0.193698684,307.2379014465297,229.86921681002522,224.07376550781277,222.89091969623644,248.0,52.0,2.426367099035929,16.409084610347016,3.4260354796821466,0.9260354796821468
9,200,100,199,0.6308593750000002,100,0.235575879,297.3152076441173,231.26859579216563,218.32970161236636,216.9501330915333,296.0,104.0,2.36710909289114,16.01451346233486,3.3566016481259306,0.8973367128322848
9,200,100,199,0.5615234375000002,149,0.346262843,288.0316256110866,232.34063637476447,212.49759263325205,210.93231669833744,344.0,154.0,2.2978467255043693,15.593012713342796,3.2254643964775997,0.8701101153705479
9,200,100,199,0.5195312500000002,199,0.252173024,282.0012126437729,235.3564290181755,208.32456010647388,206.6483422079948,390.0,208.0,2.24585625331728,15.27829612543691,3.145119891906579,0.8524126791515744
9,200,100,199,0.4782714843750002,249,0.96018862,275.68812288894435,237.8157070908365,203.70354036184534,201.90080683660685,424.0,274.0,2.189200233317989,14.915597795812966,3.101590758708391,0.8340446347259048
9,200,100,199,0.44508743286132835,298,1.347602892,270.27150503981994,240.61143686920593,199.52973208482246,197.6100528281616,482.0,314.0,2.1396693176461503,14.570165929630617,3.0512284228389643,0.8185107139764274
9,200,100,199,0.4072265625000002,348,1.099053466,263.6421937358723,242.35565208310487,194.2697754001872,192.22545021143225,514.0,382.0,2.074962486123777,14.109067349641055,2.9687546638028777,0.7998927388787348
9,200,100,199,0.3774414062500002,398,1.240316721,258.0301912882786,244.94899211255014,189.80399407126146,187.67535257158553,538.0,458.0,2.017310272507648,13.694453599430163,2.886973840118554,0.7845266718012666
