run,p,n,ktrue,lambda,k,time,objval,EBIC,loglik_val,loglik_test,TF,FF,operatorNorm,frobeniusNorm,L1MatrixNorm,LInfVectorNorm
3,200,350,199,0.5000000000000002,50,0.143045514,280.2815506605166,212.22298117822422,211.4728872826335,211.46014177073658,300.0,0.0,2.455544951939904,16.80538914211265,3.885375394859289,0.9760558723045062
3,200,350,199,0.4135742187500002,100,0.48591438,267.4418128845176,206.90244359362543,203.8033799461224,203.6987587945504,400.0,0.0,2.3414653720280483,16.07759875167819,3.5425649442267018,0.935295941389135
3,200,350,199,0.3535156250000001,149,0.528656333,257.4532328090382,202.2316254624641,196.93309961645843,196.70212627500763,498.0,0.0,2.2566898184841264,15.365708480938109,3.2248108463764456,0.903905800154434
3,200,350,199,0.2734375000000001,199,0.541481422,241.85488595471114,192.63808960238737,185.0965427262372,184.6658859174343,590.0,8.0,2.109175426136851,14.024053538678222,2.748061154425398,0.857446465351541
3,200,350,199,0.15856933593750006,249,0.805520095,212.30572087430144,175.60214168685414,166.49489897135913,165.6506167321694,598.0,96.0,2.19233236465363,11.510267923158738,3.2474002845135366,2.053388353885482
3,200,350,199,0.14538574218750006,298,0.765532356,208.06621596264193,175.17606815410093,164.31526253937835,163.46531880550782,598.0,184.0,2.402244329109486,11.235919737564082,3.525229690669395,2.247416805532723
3,200,350,199,0.1382675170898438,348,1.088154602,205.7007952834238,175.82805174743837,163.1987281989315,162.32059681312188,598.0,272.0,2.5848615171027594,11.09448831705251,3.8085375508565003,2.4076721334564217
3,200,350,199,0.13134765625000006,398,0.837254168,203.26325532637264,176.5172776484028,162.10006234135025,161.17512898277658,598.0,364.0,2.3922930718407995,10.925415296537688,3.3139053320498717,2.2190800996438087
