run,p,n,ktrue,lambda,k,time,objval,EBIC,loglik_val,loglik_test,TF,FF,operatorNorm,frobeniusNorm,L1MatrixNorm,LInfVectorNorm
7,200,600,199,0.5390625000000002,50,0.369879765,285.41918696630563,212.30582840248763,213.53631500294472,212.3792901096016,300.0,0.0,2.378189552583364,15.834792010744726,3.8896086729810446,0.8932979759786229
7,200,600,199,0.4619140625000002,100,0.452046577,274.239472864385,206.56698577993532,206.35613059741354,205.41253863625107,400.0,0.0,2.28376900141594,15.217503189518942,3.7254978944308523,0.8590094327330793
7,200,600,199,0.3935546875000002,149,0.532759946,263.1643759392009,199.4525308255194,197.87243507249727,197.0739332012896,498.0,0.0,2.2008911042093495,14.430430218930894,3.4285375446315456,0.8254548205889125
7,200,600,199,0.17187500000000006,199,0.676884232,211.71665984012333,162.81914801640784,160.07731637884035,159.51815615804037,592.0,2.0,2.4928571508782853,10.210077400708911,3.9936883275655153,2.309688570842191
7,200,600,199,0.1205978393554688,249,1.362117351,193.46098852263174,154.04748085486096,150.258649832868,149.80996694824884,596.0,100.0,3.933696256805896,9.849904791646393,6.658784150238029,3.576798675799593
7,200,600,199,0.11010360717773443,298,1.514905167,189.27212878791784,153.10973557844605,148.44183908602656,147.98529906936594,596.0,182.0,4.38685821146535,9.987047388262306,7.463278863674642,3.9654545805048396
7,200,600,199,0.10278320312500006,348,1.298461071,186.20455865964448,152.78814616150285,147.1382809962776,146.6822105333624,598.0,264.0,4.527056620556472,10.053483203079411,7.584579662666423,4.068326385142969
7,200,600,199,0.09692382812500006,398,1.317014699,183.64121046291268,152.86918296846514,146.09718717979294,145.68667655455303,598.0,360.0,4.8677310383228,10.18147004551589,8.313195529838238,4.368501611113327
