run,p,n,ktrue,lambda,k,time,objval,EBIC,loglik_val,loglik_test,TF,FF,operatorNorm,frobeniusNorm,L1MatrixNorm,LInfVectorNorm
5,200,50,199,0.7548828125000002,50,0.139486696,312.3727911102375,239.32311452647104,227.5308260867494,227.84972708696793,240.0,60.0,2.9425208895271857,19.639572010576032,4.542954155646487,1.198980373160155
5,200,50,199,0.6162109375000002,100,0.299008858,295.3285755682655,243.91404793677864,217.6318071895116,218.7497623875119,258.0,142.0,2.8350283319976963,18.976838754782733,4.369393487597708,1.150087875257474
5,200,50,199,0.5400390625000002,149,0.241809926,284.9972500143307,251.9849371100416,211.530701749343,213.21685338063088,298.0,200.0,2.7510250105434344,18.525344903396327,4.269214211663998,1.119484814261702
5,200,50,199,0.4904785156250001,199,0.776152033,277.78533571985133,261.86466507074533,207.09194554141698,209.235094987528,328.0,270.0,2.6802856262611043,18.175853866461516,4.180827899490557,1.0978935221567765
5,200,50,199,0.4506835937500001,249,0.766073174,271.6354559087389,272.1251293045359,203.16030593765777,205.71811087869708,372.0,326.0,2.614329324236567,17.84956891818618,4.108869303039995,1.079488801227653
5,200,50,199,0.4238281250000001,298,0.731133826,267.26186570063794,283.06802828389345,200.31774074590476,203.13436675653264,394.0,402.0,2.568118920105314,17.59893584955208,4.060140538354467,1.0664870314910264
5,200,50,199,0.4082031250000001,348,0.87086596,264.6169795549887,295.405314512852,198.60686842139518,201.55480264427354,410.0,486.0,2.539204832685791,17.440716432847612,4.026005482529485,1.0586941664525664
5,200,50,199,0.3889160156250001,398,1.251484803,261.2296380773456,306.9138137352404,196.45297620889002,199.57257793601477,414.0,582.0,2.5016783583374225,17.23318630957308,3.9747552065373473,1.0488330553075946
