run,p,n,ktrue,lambda,k,time,objval,EBIC,loglik_val,loglik_test,TF,FF,operatorNorm,frobeniusNorm,L1MatrixNorm,LInfVectorNorm
4,200,350,199,0.6743164062500002,50,0.15238298,302.90375628985146,222.80814449844868,221.60322678404907,220.44252780128073,258.0,42.0,2.6488751233661385,17.35526235934376,4.00977336732667,1.0097733673266696
4,200,350,199,0.5742187500000002,100,0.213799688,290.07690220381863,217.44476712907613,213.69987386745794,212.69475164429548,286.0,114.0,2.5709726309477747,16.822100950106975,3.904114421859403,0.9717963113155774
4,200,350,199,0.5117187500000002,149,0.235104449,281.3483522472874,214.13794328536892,207.97285535772482,207.0832985221096,322.0,176.0,2.5004842502700377,16.41718547472832,3.7466913885239923,0.945533335315167
4,200,350,199,0.4726562500000002,199,0.476434357,275.5320131111411,212.56417371150167,203.99889174000782,203.20008666770917,366.0,232.0,2.4466968328349434,16.11941570676992,3.750428659849922,0.9279869504873067
4,200,350,199,0.4277343750000002,249,0.643265606,268.4121725897303,209.79834547784387,198.85517764666776,198.1863871731445,428.0,270.0,2.3727536385653676,15.706597617484013,3.7184163866755506,0.9066216466086767
4,200,350,199,0.3977050781250002,298,0.961805314,263.33741225484675,208.21093608364006,194.96220390837823,194.3863462927314,484.0,312.0,2.3152616164242095,15.370527820914612,3.6842410298086032,0.8915735280416602
4,200,350,199,0.3681640625000001,348,1.032649642,258.0437743204038,206.34437916074367,190.77936760842695,190.27657090376394,526.0,370.0,2.253603753931131,14.98562844698807,3.636100646884694,0.8761255479650462
4,200,350,199,0.3281250000000001,398,0.787104976,250.29768334830612,202.54079554652205,184.67463331998167,184.2859348117053,554.0,442.0,2.1630598588709855,14.376874925299031,3.5210792272415583,0.8540908668549148
