run,p,n,ktrue,lambda,k,time,objval,EBIC,loglik_val,loglik_test,TF,FF,operatorNorm,frobeniusNorm,L1MatrixNorm,LInfVectorNorm
0,200,550,199,0.6650390625000002,50,0.466706897,301.7967473893673,221.40467085993177,219.9612386814702,220.49390280285414,300.0,0.0,2.501991884530192,16.54008280607062,3.9267758278575338,0.9412929113054073
0,200,550,199,0.5087890625000002,100,0.483617868,280.7705012804777,208.26009767280473,205.19854474500983,205.61741958147013,400.0,0.0,2.3127364701951802,15.42837672835777,3.6572093426301304,0.8790962500483014
0,200,550,199,0.4150390625000001,149,0.554000643,265.69145644193213,197.57064596308211,192.97205313996636,193.27346425587905,498.0,0.0,2.1286066327828395,14.363036169795416,3.2978720229733227,0.8351851496576737
0,200,550,199,0.21875000000000006,199,0.595300608,221.47011319403794,163.3180759726998,157.28051561240366,157.21250733134673,596.0,2.0,1.4991543361028172,10.34185764810431,2.0187225709349876,0.7213666010565164
0,200,550,199,0.12896728515625006,249,1.130754784,190.2419219800417,145.44576900186178,138.48671550845154,138.18643006059182,598.0,96.0,2.4553150123471643,9.06211942869517,3.9880009208397817,2.198187050708577
0,200,550,199,0.11627197265625003,298,1.186002711,184.84267594318354,143.97956864389457,135.8782555524422,135.53964927099548,598.0,188.0,2.8531253575829187,9.253927391577257,4.817057062140142,2.573468238578301
0,200,550,199,0.10928344726562503,348,1.388566563,181.65175489219146,143.6160203220431,134.5259928170649,134.1192317212009,598.0,274.0,2.9770415275668896,9.335081486070798,5.018521559191893,2.6897637650555515
0,200,550,199,0.10437011718750003,398,1.369598099,179.36555988711922,143.66956900376425,133.587227092589,133.14548764657044,598.0,356.0,3.1126811623159196,9.438804715005967,5.249488411419045,2.8071731964649587
