run,p,n,ktrue,lambda,k,time,objval,EBIC,loglik_val,loglik_test,TF,FF,operatorNorm,frobeniusNorm,L1MatrixNorm,LInfVectorNorm
1,200,250,199,0.6562500000000002,50,0.073775114,300.61657327029076,222.3589890593597,218.19176526458136,220.1490496033199,240.0,60.0,2.5265374455942458,16.86071163161604,4.008357321081195,0.9663141893676985
1,200,250,199,0.5605468750000002,100,0.293090432,288.2187616913376,218.67918156092188,211.36792100091208,213.31761280607526,278.0,122.0,2.4489536940726992,16.363199600856994,4.002989350761006,0.9292867730217945
1,200,250,199,0.5009765625000002,149,0.26296138,279.86792360709524,216.7211370571892,206.37877035308315,208.28861674487007,328.0,170.0,2.3675139165418733,15.977110609516883,3.9980042116528747,0.9038548529981475
1,200,250,199,0.4522705078125001,199,0.651032726,272.5569982826328,215.10680978726973,201.7300142186999,203.57715146901904,382.0,216.0,2.287269649406295,15.586355925424154,3.9549411147731326,0.8815108221005422
1,200,250,199,0.4003906250000001,249,0.691026527,264.1402802214418,212.21157482417087,195.9150138054933,197.67056401462713,460.0,238.0,2.1983449309557046,15.053489899201592,3.8518764245445904,0.8560013028647119
1,200,250,199,0.3554687500000001,298,0.811134705,256.1653345758908,209.27943477383076,190.11524873081,191.77916593550555,524.0,272.0,2.1205737912364997,14.470898949562788,3.7148991433734317,0.8323356128900737
1,200,250,199,0.3017578125000001,348,1.486929748,245.5365130770266,204.3005241415305,182.28422547403423,183.7910753319048,578.0,318.0,1.993767354194364,13.588571444386597,3.462295355107229,0.8018957262613559
1,200,250,199,0.2558593750000001,398,1.318213601,235.2465607684313,199.91076124490968,175.02875396095908,176.4332579393427,592.0,404.0,1.8696295490828467,12.667656524130905,3.358853787977578,0.773820278161384
