run,p,n,ktrue,lambda,k,time,objval,EBIC,loglik_val,loglik_test,TF,FF,operatorNorm,frobeniusNorm,L1MatrixNorm,LInfVectorNorm
7,200,150,199,0.5781250000000002,50,0.334939588,290.6824642718036,218.9748381842343,218.3233858414755,216.93640589161328,300.0,0.0,2.4402482802195444,16.078299135862157,3.9016814321704802,0.9093808025353901
7,200,150,199,0.4622802734375002,100,0.540977532,274.15275296310756,213.30577684308443,208.18317534711804,206.6837188313674,398.0,2.0,2.274616631385084,15.175698982152895,3.5623771924958807,0.8591807412069433
7,200,150,199,0.3784179687500002,149,0.556959269,260.2143774612497,207.57728473004317,198.07308802407596,196.46587988543877,492.0,6.0,2.1539962166114295,14.172951378189653,3.1530439010098057,0.8175748100339083
7,200,150,199,0.2768554687500001,199,0.684506406,239.454877630123,196.09107961036932,182.24488824978718,180.63811922792496,574.0,24.0,1.9362017118798187,12.417760375613046,2.6478030733632543,0.7598701726961156
7,200,150,199,0.2348632812500001,249,1.033739264,228.90803871575162,192.81274726468394,174.7221291226278,173.06636980900277,586.0,110.0,1.7893304259014742,11.537610058611662,2.5422338968675358,1.2108095134864505
7,200,150,199,0.2165527343750001,298,1.014186934,223.84051610161023,193.51432497590415,171.32839445001918,169.71017561148244,588.0,200.0,1.7138503266649563,11.148761886430142,2.488606608425359,1.4882191067450403
7,200,150,199,0.2025756835937501,348,1.145073736,219.780942309023,195.50219116218827,168.84797550484717,167.2522838854531,588.0,300.0,1.8156423725172977,10.855394926045731,2.766868179726406,1.7338890271662355
7,200,150,199,0.1942138671875001,398,1.055543679,217.16489447538353,197.83965762702817,167.3010015617978,165.71669842741554,588.0,388.0,1.8615485026472072,10.670200844961599,2.914926236764822,1.7605671122366373
