run,p,n,ktrue,lambda,k,time,objval,EBIC,loglik_val,loglik_test,TF,FF,operatorNorm,frobeniusNorm,L1MatrixNorm,LInfVectorNorm
0,200,500,199,0.6906738281250002,50,0.249612855,304.902682356809,223.21991631835104,222.0528888734263,222.18985172475942,284.0,16.0,2.520770657506897,16.671158141527926,3.9431669338345636,0.9503992771650048
0,200,500,199,0.6054687500000002,100,0.248025864,294.16577862986975,217.5875782845235,214.70792360712323,214.81884687764975,334.0,66.0,2.44197461595406,16.184576619301687,3.86393588546739,0.9190083753406265
0,200,500,199,0.5498046875000002,149,0.371702584,286.5447179738136,213.3471384467008,208.7718863536795,208.86996945389654,370.0,128.0,2.3723605765034277,15.79289664600093,3.758247456392563,0.8966368254760793
0,200,500,199,0.5156250000000002,199,0.301463617,281.55508381822705,210.92991872155906,204.6444204167496,204.73156910498875,398.0,200.0,2.323941932782626,15.516682755189834,3.6691490944114076,0.8820856071363473
0,200,500,199,0.4726562500000001,249,0.674973655,274.87312395210597,206.940263481722,198.9461223467344,199.01642631997123,436.0,262.0,2.2544467113380415,15.11952353429077,3.5419839368508432,0.8628343287311407
0,200,500,199,0.4335937500000001,298,0.873248863,268.329803536986,202.93222988797774,193.27712579650256,193.31957475836361,478.0,318.0,2.1816666698758875,14.69671223633017,3.4051546174602763,0.8443317376456313
0,200,500,199,0.4040527343750001,348,1.308178897,263.03109004932344,199.9515026066726,188.62907935120504,188.64326889985668,518.0,378.0,2.1212574625244325,14.325332618636127,3.2911709483896243,0.8296554605190849
0,200,500,199,0.3740234375000001,398,1.41951105,257.28260510894717,196.5749686626274,183.58591955063406,183.57646002095885,550.0,446.0,2.048576549141247,13.894920025666547,3.1534846010113093,0.8140897982573255
