run,p,n,ktrue,lambda,k,time,objval,EBIC,loglik_val,loglik_test,TF,FF,operatorNorm,frobeniusNorm,L1MatrixNorm,LInfVectorNorm
9,200,250,199,0.5859375000000002,50,0.377944465,291.69029864501283,217.44560057480635,211.81631621097011,214.41228113227274,300.0,0.0,2.3127213282712096,15.754844120897655,3.331597483700497,0.8799684936057134
9,200,250,199,0.4960937500000002,100,0.332526569,279.1383763870558,212.16580443704797,203.52859182506506,206.03630406723204,398.0,2.0,2.2019353967933992,15.079180992817152,3.0896446838849374,0.8421030548219349
9,200,250,199,0.4355468750000002,149,0.568560029,269.69966062042886,207.7246429694262,196.16211339324923,198.598229336494,494.0,4.0,2.0957861593680445,14.428707678874407,2.8593639227417382,0.8139117260711134
9,200,250,199,0.2841796875000001,199,0.782185894,240.02703048466884,185.99703102669227,171.71043274633172,174.05501109677863,592.0,6.0,1.7106530433362337,11.81102350143939,2.25712747536025,0.731803141192295
9,200,250,199,0.18457031250000006,249,0.831352633,212.58025959981734,169.47377158911473,152.79283942131076,155.1499913290447,598.0,100.0,1.3982970935234966,9.440884144313124,1.9625633211715054,1.204655099669921
9,200,250,199,0.17114257812500006,298,0.89085582,207.96859497680802,169.30110665033146,150.02364857933193,152.43502754276201,598.0,196.0,1.5495476514629887,9.149804683054152,2.147068541777202,1.3159358740891847
9,200,250,199,0.16311645507812506,348,1.026691137,204.98207581398083,170.0160947472998,148.41022120738054,150.84584402980875,598.0,284.0,1.5877257928528843,8.997138935496904,2.233293444607037,1.372474702511945
9,200,250,199,0.15454101562500006,398,1.045062769,201.8148855171907,170.90841251415827,146.75391124515048,149.18556051944918,598.0,380.0,1.6070299581354337,8.8377171102439,2.3048939315341843,1.353168222277361
