run,p,n,ktrue,lambda,k,time,objval,EBIC,loglik_val,loglik_test,TF,FF,operatorNorm,frobeniusNorm,L1MatrixNorm,LInfVectorNorm
7,200,350,199,0.5468750000000002,50,0.367826959,286.4512387215854,213.63513597628432,212.81906486053572,213.73570941244603,300.0,0.0,2.388113006110254,15.87635556025823,3.8800127490002425,0.8965795224073774
7,200,350,199,0.4570312500000002,100,0.340968262,273.410879596011,207.65272469587222,204.69601803139972,205.57904491460073,400.0,0.0,2.278938981150075,15.159025802519462,3.66854648258884,0.8567170911240346
7,200,350,199,0.3945312500000002,149,0.609299082,263.2343568538605,202.14082701202233,197.06157092523185,197.90489794178407,498.0,0.0,2.2023199820191617,14.435373404402782,3.3975514496786436,0.8259573341381303
7,200,350,199,0.2187500000000001,199,0.663586866,225.32949697986587,175.09047903306583,167.99539368157497,168.8567836794951,590.0,6.0,1.8228848261356887,11.179076445908107,2.4122411552888914,1.4737793514679343
7,200,350,199,0.15576171875000006,249,0.977418281,205.94332544468406,164.8887380079104,156.1067362646712,156.91060541682978,594.0,100.0,2.8749667679720914,10.052450492758684,4.72126447192646,2.6665845055563877
7,200,350,199,0.13964843750000006,298,1.182414014,200.1603716538465,163.46229132610495,153.00438216499887,153.9130789003416,594.0,186.0,3.2981930993184587,9.88939529864436,5.464687965291755,3.0401955005927337
7,200,350,199,0.13165283203125006,348,1.460019156,197.07181438778153,163.8694596620315,151.51775881585104,152.388511881677,596.0,282.0,3.559861835072385,9.844003268200607,5.928818346254969,3.266643386033747
7,200,350,199,0.12597656250000006,398,1.132907456,194.880480070058,164.5091754486847,150.4639410764773,151.39378827924355,596.0,364.0,3.7905237931714777,9.845456302155435,6.347729875373141,3.4651768223348722
