run,p,n,ktrue,lambda,k,time,objval,EBIC,loglik_val,loglik_test,TF,FF,operatorNorm,frobeniusNorm,L1MatrixNorm,LInfVectorNorm
6,200,350,199,0.5429687500000002,50,0.41391291,286.1158925846318,214.4664546494052,213.31034123845353,213.07714838707716,300.0,0.0,2.532360534070613,17.053764206314533,3.881947465185342,0.9954608640550661
6,200,350,199,0.4313964843750001,100,0.619937648,269.8277209319316,206.54870492727844,203.05289674048788,202.7960529111437,400.0,0.0,2.3310650069413086,16.134526153874084,3.4502611271104877,0.9449436751618352
6,200,350,199,0.3613281250000001,149,0.636121602,258.07142981567944,200.2342571944451,194.48291960976482,194.25577259853205,498.0,0.0,2.1756659899429227,15.284748150239245,3.052555987947973,0.9089853723455695
6,200,350,199,0.25000000000000006,199,0.377013846,235.16496678933964,185.09329664304198,176.97145170547086,176.81951769283103,596.0,2.0,1.8639325630026726,13.280871940024467,2.459391873143992,1.0093210320771953
6,200,350,199,0.15911865234375006,249,0.92824871,209.70594250979622,170.5211512410229,160.55460394764543,160.44319315878036,596.0,100.0,2.4327416530696686,11.327929412161486,3.743085286574272,2.1854834190480483
6,200,350,199,0.14752197265625006,298,0.913135789,205.74947711067506,170.16491223661197,158.4248762980132,158.35191665605268,596.0,188.0,2.5298816410291827,11.10774821573168,3.9238993938209847,2.2953657357108126
6,200,350,199,0.13793945312500006,348,1.083029083,202.38692688380547,170.25843215675647,156.7385970562526,156.68570667346458,596.0,278.0,2.637896453058501,10.932304731035702,4.016785750591707,2.4096331768529504
6,200,350,199,0.13183593750000006,398,0.947748378,200.20087622070025,171.03786150847267,155.72190031819454,155.6630217803346,596.0,366.0,2.8391739218341283,10.862102107308074,4.422919955349689,2.591879330992507
