run,p,n,ktrue,lambda,k,time,objval,EBIC,loglik_val,loglik_test,TF,FF,operatorNorm,frobeniusNorm,L1MatrixNorm,LInfVectorNorm
8,200,50,199,0.5527343750000002,50,0.520845341,287.42862841164214,227.24716599056472,225.0653282661508,221.1346737455679,292.0,8.0,2.674682915853228,17.689496700975265,4.391337663207844,1.0479438502591685
8,200,50,199,0.46924591064453136,100,0.643682172,275.55341878474684,234.0803250814162,218.0509622588039,214.0594397138412,352.0,48.0,2.5543017067538982,17.062555101534958,4.188888571370981,1.0113477495015626
8,200,50,199,0.4326171875000001,149,0.509668885,269.8330889359191,243.66012043580608,214.03001275217161,209.9887038958588,400.0,98.0,2.483952839148406,16.70991268586035,4.076738721686422,0.9939458309410889
8,200,50,199,0.4023437500000001,199,0.487612168,264.77296336920074,253.46496800871762,210.53094775564713,206.34485406916758,422.0,176.0,2.419060414433035,16.3753318339169,3.9804148743131447,0.9788770854863019
8,200,50,199,0.3831176757812501,249,0.726898776,261.3533330360787,264.40326212886595,208.0522036388929,203.78406671124088,438.0,260.0,2.363006661766945,16.134294873018113,3.755983953669446,0.9689647270099878
8,200,50,199,0.3635253906250001,298,0.822385038,257.688727753125,274.40452633175516,205.69689524629499,201.26639847582342,454.0,340.0,2.312727918539079,15.875293785556336,3.640296172642503,0.9585759904820251
8,200,50,199,0.3452148437500001,348,0.708594413,254.02728216249324,284.9004924402639,203.29734307415558,198.7837158057332,462.0,434.0,2.2683657961835295,15.614683472564217,3.5364826032610495,0.9485933269111105
8,200,50,199,0.3297119140625001,398,0.818161309,250.76660660279504,294.600580128184,201.35794007674446,196.73940152039035,470.0,520.0,2.2238826991582092,15.3728630618919,3.469070241904974,0.9399264113291993
