run,p,n,ktrue,lambda,k,time,objval,EBIC,loglik_val,loglik_test,TF,FF,operatorNorm,frobeniusNorm,L1MatrixNorm,LInfVectorNorm
5,200,100,199,0.4941406250000001,50,0.498475286,279.17540175865054,216.08110042512735,208.6341389248268,212.69234984917375,296.0,4.0,2.631489347393804,18.217608987104864,3.5995379473306133,1.0995379473306133
5,200,100,199,0.3984375000000001,100,0.292633302,264.48979531917877,214.58912549495489,200.33858697152868,204.12232613408344,382.0,18.0,2.5154136977331287,17.389051085429678,3.4248716082089232,1.0537351941995658
5,200,100,199,0.3454589843750001,149,0.606523759,255.36464251017503,215.76518975044317,194.7844630399005,198.3726103914938,438.0,60.0,2.427375119673288,16.78045296568133,3.2728861817748007,1.0255782019372646
5,200,100,199,0.3066406250000001,199,0.437580966,247.98439755118238,217.92519908477192,190.09617342310315,193.59628536094564,500.0,98.0,2.345700175025127,16.236107979663355,3.122446721649423,1.0034976178954014
5,200,100,199,0.2880859375000001,249,0.620670275,244.15171980374922,222.19138572289515,187.67151847543727,191.04203699810358,510.0,186.0,2.297685291232817,15.943440679103807,3.0715244804409103,0.9924732766303898
5,200,100,199,0.2674560546875001,298,0.871385407,239.6994502120781,225.58674051545697,184.98651429670102,188.3084134828064,524.0,266.0,2.2414273154618662,15.58902911555628,2.9873319171651698,0.9798370032912429
5,200,100,199,0.2546386718750001,348,0.739441648,236.80364020722533,230.5052064137681,183.31942836257693,186.61613447857482,534.0,354.0,2.209946658783019,15.354616662416483,2.930652298858255,0.9717767669682175
5,200,100,199,0.24279785156250006,398,0.753957376,234.0081415760374,234.98155522051442,181.83297281984434,185.067128050565,536.0,444.0,2.1762839093366346,15.130282350041883,2.8978331721530264,0.9641829062538413
