run,p,n,ktrue,lambda,k,time,objval,EBIC,loglik_val,loglik_test,TF,FF,operatorNorm,frobeniusNorm,L1MatrixNorm,LInfVectorNorm
3,200,300,199,0.6328125000000002,50,0.17294954,297.7599704802221,220.6952866934106,222.14599897756827,219.62566723424058,238.0,62.0,2.5959464168787356,17.594380236988005,4.086239366488863,1.030282347583613
3,200,300,199,0.5351562500000002,100,0.266199764,284.9058419152483,216.57413337389002,215.09682196713777,212.5672639659673,280.0,120.0,2.5159966582366655,17.066839587352018,4.057685362357891,0.9913230478770252
3,200,300,199,0.4687500000000001,149,0.35754591,275.400373091766,213.69181511319368,209.4296094153387,206.88429221988665,322.0,176.0,2.4310073047054406,16.61445529774661,4.028650667719879,0.9618714751413856
3,200,300,199,0.4257812500000001,199,0.482748467,268.8094942173659,212.25404842357642,205.2518298052367,202.68237433366642,378.0,220.0,2.367292523160659,16.254754095168092,3.984008437924816,0.9413526759574741
3,200,300,199,0.3856201171875001,249,0.739129565,262.24334199080954,210.52403462980064,200.80497070351248,198.22438645001904,444.0,254.0,2.3066630770942407,15.84612077836864,3.91900863602188,0.9210240102071873
3,200,300,199,0.3500976562500001,298,0.966117932,256.0241380220825,208.72023264500444,196.36658447434513,193.7738533034464,504.0,292.0,2.2547125792628213,15.406443298302957,3.8171360120051787,0.9020353780308472
3,200,300,199,0.3069458007812501,348,1.611002429,247.8125435418524,205.34897270386048,190.28545371077803,187.69582246231033,568.0,328.0,2.1842016824540935,14.748251280591818,3.6353449900934245,0.8775798686307255
3,200,300,199,0.25000000000000006,398,0.270773634,235.5621374715246,199.26124144555294,181.5429676474053,178.9402842028549,594.0,402.0,2.0413083495509423,13.657313466631397,3.3258698454143203,0.8427225389711728
