run,p,n,ktrue,lambda,k,time,objval,EBIC,loglik_val,loglik_test,TF,FF,operatorNorm,frobeniusNorm,L1MatrixNorm,LInfVectorNorm
8,200,200,199,0.6406250000000002,50,0.094787323,298.8012061721837,222.57569124357758,219.77506800809067,220.15169726598492,264.0,36.0,2.785312216323075,18.19359692717096,4.547992052433775,1.0824451979680634
8,200,200,199,0.5537109375000002,100,0.242638097,287.4481102352346,219.6911635077813,212.78289213818658,213.1381965482486,308.0,92.0,2.696649846110134,17.691939577758177,4.313248127149727,1.048348642941276
8,200,200,199,0.4886474609375002,149,0.648104274,278.1854458323382,217.45961548323353,206.57497461479613,206.93546398053655,346.0,152.0,2.6047495605497843,17.227206062802267,4.056858663499236,1.0202182899846979
8,200,200,199,0.4414062500000002,199,0.421008547,270.92063687171674,216.33249349818806,201.42802863639196,201.7869524208828,390.0,208.0,2.5171801799611098,16.82031874967902,3.8247173910471557,0.9982020698224964
8,200,200,199,0.4053955078125002,249,0.76684315,264.9986709890186,215.98494101723858,197.09029090729072,197.45424497145075,440.0,258.0,2.4353420275651976,16.455640988823337,3.6833549063189217,0.9804255348956775
8,200,200,199,0.3798828125000002,298,0.612096878,260.5613909755483,216.49044142877358,193.72626070209103,194.08447182333455,484.0,312.0,2.3690101498247684,16.154590658491433,3.6548230273241056,0.9672697859773649
8,200,200,199,0.3475952148437501,348,1.224539304,254.59947137814385,215.76144334970806,189.09621797973563,189.43787665335054,526.0,370.0,2.2761536068263,15.713554102703716,3.5920192361128422,0.9499064140773161
8,200,200,199,0.3045959472656251,398,1.432564793,245.9447732680624,213.01709343778356,182.52074326761135,182.83414833663082,568.0,428.0,2.135197528937292,15.018635401430231,3.458752976526477,0.9254481532028836
