run,p,n,ktrue,lambda,k,time,objval,EBIC,loglik_val,loglik_test,TF,FF,operatorNorm,frobeniusNorm,L1MatrixNorm,LInfVectorNorm
6,200,450,199,0.6474609375000002,50,0.211572701,299.621237149816,220.82377051788814,220.88520978260516,220.65206757052547,248.0,52.0,2.7030955357491546,17.66923834100651,4.0918354709040345,1.0365674647918994
6,200,450,199,0.5517578125000002,100,0.312407064,287.15049416340815,215.40407940497818,213.53729618970604,213.2696754057629,292.0,108.0,2.6109542191513984,17.135602203425183,4.112599372043639,0.9991316704694179
6,200,450,199,0.5043945312500002,149,0.339098517,280.49100812903407,213.00257433815275,209.29240418987706,208.99248365392987,330.0,168.0,2.5412562414529454,16.814341899638283,4.112689090557999,0.9788428828801229
6,200,450,199,0.4394531250000001,199,0.57176847,270.65247863901845,208.20971055966677,202.65804169886977,202.2842415643768,388.0,210.0,2.421099634188959,16.278714726914284,4.090383778136767,0.9488538530800218
6,200,450,199,0.3950195312500001,249,0.721740977,263.3222775061478,204.81343072656853,197.45620804348457,197.05094652288207,438.0,260.0,2.3196852969997974,15.819440812957847,4.044571685224465,0.9267262880857613
6,200,450,199,0.3676757812500001,298,1.000089028,258.50608361153746,203.0214199534138,193.9044329622564,193.47732791936195,490.0,306.0,2.2531254643640457,15.485866379825195,3.9976299776385567,0.9123946896779223
6,200,450,199,0.3344726562500001,348,1.216892014,252.27530580913734,200.0546606482411,189.15430276158438,188.71224724423405,544.0,352.0,2.1653656529093985,15.010715296330732,3.9058810838445965,0.8942024518683376
6,200,450,199,0.2968750000000001,398,0.761044159,244.612770165957,196.0268524330625,183.35008573428416,182.89512237252723,580.0,416.0,2.054029694520083,14.376203498989558,3.7560622914135795,0.8724777925284533
