run,p,n,ktrue,lambda,k,time,objval,EBIC,loglik_val,loglik_test,TF,FF,operatorNorm,frobeniusNorm,L1MatrixNorm,LInfVectorNorm
5,200,50,199,0.5429687500000002,50,0.406525522,285.80460457954484,225.5611247725797,213.950960800039,215.05115612157857,286.0,14.0,2.6674680624642937,18.519380341373715,3.6525090785104233,1.1207177272594624
5,200,50,199,0.4580078125000001,100,0.473881149,273.41290034378255,231.99239816769867,206.2876481195991,208.11914353806668,358.0,42.0,2.5646319387530774,17.854538123194516,3.5509040813019173,1.0829516119703921
5,200,50,199,0.4168701171875001,149,0.672206808,266.80306574791666,241.16641031273267,201.8635483682602,204.14648419274258,392.0,106.0,2.508369687338788,17.455460578872348,3.4878864250776536,1.0630379988546261
5,200,50,199,0.3862304687500001,199,0.596437843,261.5547106934189,251.19522700081077,198.50936469410226,201.06286140000702,404.0,194.0,2.464512221673058,17.118219106663584,3.4365466117488577,1.0474382252062346
5,200,50,199,0.3623046875000001,249,0.453976222,257.19504788232103,261.007991623008,195.85079367045975,198.608168686732,416.0,278.0,2.4285421022469413,16.827160567682597,3.3904039564708337,1.0347688138707776
5,200,50,199,0.3476562500000001,298,0.643874263,254.26357851160077,271.7812331725032,193.92060694420854,196.9328146569321,424.0,366.0,2.4090058583946443,16.644712713587587,3.3591773484454475,1.0267900075750007
5,200,50,199,0.3325195312500001,348,0.805258141,251.1830637661405,282.82905584229377,192.03030164714704,195.24601953054295,436.0,454.0,2.385426847111563,16.431754147471057,3.3243350984844278,1.0183609498429655
5,200,50,199,0.3242187500000001,398,0.642827264,249.39504129896548,293.6386989211517,191.02129792484277,194.28328277236568,450.0,530.0,2.3670394309219964,16.302251316829334,3.315722731454705,1.0136567511943417
