run,p,n,ktrue,lambda,k,time,objval,EBIC,loglik_val,loglik_test,TF,FF,operatorNorm,frobeniusNorm,L1MatrixNorm,LInfVectorNorm
6,200,550,199,0.6484375000000002,50,0.196229162,299.75528886883563,220.65186366255605,221.37948155962252,220.774865943339,250.0,50.0,2.70395426798896,17.675371242117873,4.093538545291776,1.0369270587878034
6,200,550,199,0.5419921875000002,100,0.246100871,285.8349402987684,214.07185156275366,213.12646003496747,212.48033690238933,300.0,100.0,2.5991892646688957,17.075846716061715,4.114393610052192,0.9950504136017269
6,200,550,199,0.4980468750000002,149,0.403774418,279.6042447709174,211.59092580868938,209.0578754000882,208.40227752895308,334.0,164.0,2.5347853463135124,16.770736199130237,4.114446807728479,0.976026275901319
6,200,550,199,0.4353027343750002,199,0.744181761,270.040668741749,206.6375222853644,202.4462996385684,201.80606928872083,386.0,212.0,2.416739739160511,16.24347232648343,4.087262414998852,0.9468450011144558
6,200,550,199,0.3989257812500002,249,0.657418261,264.05122712017396,203.91789063367543,198.12568915431012,197.52306510492133,438.0,260.0,2.3330176490079046,15.869370033263708,4.037412611831727,0.9287279239441685
6,200,550,199,0.3657226562500001,298,1.11658423,258.22585516479904,201.0574081656052,193.72271163868146,193.16663274798108,498.0,298.0,2.249230114145608,15.464112755453767,3.9914815366563854,0.9113490444291559
6,200,550,199,0.3344726562500001,348,1.275873022,252.3613695477635,198.0502308559077,189.1416603715868,188.64141898930924,554.0,342.0,2.1618180327853818,15.01304350570848,3.914826220914772,0.8942024518683376
6,200,550,199,0.3007812500000001,398,1.070824684,245.53913592771573,194.28340465930103,183.80407420518932,183.35527758983451,584.0,412.0,2.056526564229579,14.441871610153973,3.799029081371543,0.8747933611090821
