run,p,n,ktrue,lambda,k,time,objval,EBIC,loglik_val,loglik_test,TF,FF,operatorNorm,frobeniusNorm,L1MatrixNorm,LInfVectorNorm
1,200,400,199,0.5156250000000002,50,0.36226684,282.3950864963375,212.69398397804989,211.59574839822008,211.30526890828347,300.0,0.0,2.3646089898561042,16.0622986866986,3.8941506264293366,0.9102939598403693
1,200,400,199,0.4394531250000001,100,0.47136441,271.27585115214936,207.81978200028823,204.69336991627912,204.46703972903407,400.0,0.0,2.2650333061844763,15.437838557309053,3.6995974553626976,0.8753794974755299
1,200,400,199,0.3671875000000001,149,0.450634346,259.4284577442293,201.16453559069498,196.10489434526235,195.9879992325224,498.0,0.0,2.153866711321403,14.592865680685748,3.456597328303442,0.8386592028447875
1,200,400,199,0.23437500000000006,199,0.603227473,231.84674795061147,182.12762461140338,175.00812903874967,175.22406973571694,594.0,2.0,1.803653814758428,12.175781652012967,2.636909043496757,1.6278218483407412
1,200,400,199,0.14691162109375006,249,1.064304931,206.61762169890972,168.18939021231316,159.5480384744949,160.06383816202262,598.0,96.0,4.069606399156546,10.57449409462322,7.013846885841735,3.688096305473777
1,200,400,199,0.13342285156250006,298,1.010800013,201.91952131977115,167.37256206154646,157.1832826950163,157.78860325273203,598.0,188.0,4.571970951233351,10.470395836688837,7.879242923669003,4.120471929095981
1,200,400,199,0.12646484375000006,348,0.987675953,199.30941009351733,167.60301399750944,155.9260376317583,156.57631299991309,598.0,272.0,4.398665530551644,10.302161518775542,7.463554648369068,3.997128179980837
1,200,400,199,0.12060546875000003,398,0.998653056,197.0271959473195,167.9971138179128,154.85972799068205,155.54180649646133,598.0,356.0,4.222843144759617,10.18274484187947,6.987608956077189,3.8398781133425426
