run,p,n,ktrue,lambda,k,time,objval,EBIC,loglik_val,loglik_test,TF,FF,operatorNorm,frobeniusNorm,L1MatrixNorm,LInfVectorNorm
2,200,550,199,0.6640625000000002,50,0.194490414,301.69459919119424,221.72452746752865,220.20514178180434,221.12175312223067,254.0,46.0,3.007696699931555,18.643931207459428,5.056946555499311,1.1185002383212033
2,200,550,199,0.5781250000000002,100,0.250096866,290.715124795171,216.73474973601756,213.7261487170926,214.5227785486288,280.0,120.0,2.920130279033914,18.181796329160907,4.868073241107293,1.08577583912072
2,200,550,199,0.4970703125000002,149,0.493377334,279.4076073032632,211.28444247801335,206.82033465187615,207.52790773108904,324.0,174.0,2.800003752429725,17.65059579528796,4.593261738116962,1.0514679073490691
2,200,550,199,0.4470214843750002,199,0.481944705,271.84237198585663,208.05428647954437,202.13027533581868,202.76473687217484,352.0,246.0,2.711435909044952,17.255335817661518,4.395170437033424,1.0283644627544684
2,200,550,199,0.4076538085937502,249,0.749037495,265.50227264775503,205.46673979811766,198.07998369622482,198.65903825203577,400.0,298.0,2.6333416493860997,16.892240339408975,4.227658759176286,1.009037262952042
2,200,550,199,0.3671875000000001,298,0.535518137,258.543623326025,202.23631784476297,193.44960557761084,193.96998237509638,458.0,338.0,2.5423777815801873,16.446856636846,4.041583734122167,0.9880106340287821
2,200,550,199,0.33315277099609386,348,1.241411155,252.26660855339992,199.33874072335652,189.1181396816609,189.59682936354213,512.0,384.0,2.4507507322491917,15.997237491826331,3.8635885162177512,0.9693376253865051
2,200,550,199,0.2961425781250001,398,1.41993928,244.89354252157875,195.5249210164592,183.88414600079483,184.317288966186,564.0,432.0,2.3398089129244872,15.40860372124366,3.6414645103643166,0.9479191451823489
