run,p,n,ktrue,lambda,k,time,objval,EBIC,loglik_val,loglik_test,TF,FF,operatorNorm,frobeniusNorm,L1MatrixNorm,LInfVectorNorm
9,200,200,199,0.7043457031250002,50,0.17797005,306.4769441515006,226.0429020784855,220.6370215399471,223.04828153658656,244.0,56.0,2.4211396738502944,16.38378099497446,3.423774940802644,0.923774940802644
9,200,200,199,0.6035156250000002,100,0.324602603,293.82352002979604,222.21426373627583,213.0913827769836,215.42423910642927,292.0,108.0,2.344033282197528,15.873894858275841,3.347690306188877,0.8868806456730588
9,200,200,199,0.5537109375000002,149,0.26637908,287.0693253852545,221.54585597629918,208.73651742424335,210.99151525872736,340.0,158.0,2.292209993668359,15.564182097847974,3.2478596654896426,0.8668900009762985
9,200,200,199,0.5004882812500002,199,0.397140671,279.35257253017915,219.73991428264668,203.24557616900648,205.39328373555261,400.0,198.0,2.2224004448473647,15.156121672394608,3.1408197082123825,0.844060642129564
9,200,200,199,0.4667968750000001,249,0.659675684,274.1311486156418,219.4474861368085,199.20454987427814,201.26656282083596,462.0,236.0,2.1697686841701014,14.838317204838852,3.0921480602387517,0.8287527090688396
9,200,200,199,0.4335937500000001,298,0.713495099,268.6652299574487,218.64091532209395,194.75537034612665,196.72153909309276,500.0,296.0,2.1106019322041116,14.470279192095452,3.0370473010235184,0.81296268160319
9,200,200,199,0.3979492187500001,348,1.153199691,262.37824570374744,217.16679870606666,189.6012944731105,191.4639626350836,530.0,366.0,2.0405490263556447,14.016320732023887,2.9666523353175855,0.7951767993375838
9,200,200,199,0.3632812500000001,398,0.981172678,255.7747896521998,215.39445118255247,184.16732961552339,185.92805225923854,560.0,436.0,1.968663883271715,13.50118657212508,2.8855120062428115,0.7769860102260361
