run,p,n,ktrue,lambda,k,time,objval,EBIC,loglik_val,loglik_test,TF,FF,operatorNorm,frobeniusNorm,L1MatrixNorm,LInfVectorNorm
6,200,200,199,0.5625000000000002,50,0.224533707,288.7180287690571,217.39261251534393,214.34918757224233,215.03191282954424,300.0,0.0,2.557183871221755,17.17197930366484,3.927249157374273,1.003562129877851
6,200,200,199,0.4335937500000002,100,0.339432946,270.0639050268086,209.52103868531634,203.18326801001174,203.53431866685204,400.0,0.0,2.3239441813650896,16.128838451738947,3.433707719666339,0.9460144459541453
6,200,200,199,0.3691406250000001,149,0.423418416,259.2696481828199,205.34262166724014,195.62094833622095,195.75905743682,498.0,0.0,2.1729479582091686,15.344760711071157,3.069649037690177,0.9131769658264957
6,200,200,199,0.2636718750000001,199,0.79319526,237.9106786490227,192.75066025755658,180.01172662692412,179.87880560657098,582.0,16.0,1.877109511409006,13.52550875606481,2.5001099825826767,0.8672394607144291
6,200,200,199,0.2070312500000001,249,0.71832982,223.37679324574384,185.84627007644002,170.19847030121966,169.97553710081584,596.0,98.0,1.7872460012975624,12.326481021898939,2.753830058510621,1.6884500397024065
6,200,200,199,0.1884765625000001,298,0.73468701,218.03320158307793,185.92649669441204,167.0801377548961,166.76212798719519,596.0,196.0,2.20095002600096,11.939784775630812,3.4274407451138496,2.0387658343418
6,200,200,199,0.17797851562500006,348,0.940834567,214.83515812475696,187.5000884283373,165.32131101570525,164.94272719369877,596.0,294.0,2.475940620748346,11.736970161397775,3.923698842131058,2.271871281486116
6,200,200,199,0.17150878906250006,398,1.002577859,212.7243415267478,189.17314551008263,164.17236478766935,163.78036336033594,596.0,376.0,2.5515938667925946,11.596240498687184,4.024760297636086,2.3405947086248275
