run,p,n,ktrue,lambda,k,time,objval,EBIC,loglik_val,loglik_test,TF,FF,operatorNorm,frobeniusNorm,L1MatrixNorm,LInfVectorNorm
4,200,50,199,0.5966796875000002,50,0.457283984,293.23325638565996,230.34871149610723,226.48249035547644,227.2117402062664,278.0,22.0,2.5809153372815103,16.96405321398497,3.949005670475282,0.9807323491359007
4,200,50,199,0.5009765625000002,100,0.377268447,280.0753557327323,236.0638769288387,217.6710418664701,218.72907402327928,348.0,52.0,2.4804893388173554,16.313098142979737,3.781065043952504,0.9407991220502916
4,200,50,199,0.4492187500000002,149,0.446837264,272.13327463843615,243.59366475053315,211.88632713367386,213.00101477534133,394.0,102.0,2.400982116164705,15.848025549703799,3.670046780094302,0.9170050891476055
4,200,50,199,0.4111328125000002,199,0.559544661,265.8258471042067,252.92528223907598,207.37281765394846,208.52419561928411,436.0,162.0,2.3356325687881925,15.441902767459608,3.5921816942533527,0.8983815242943612
4,200,50,199,0.3828125000000002,249,0.537487787,260.727148835593,262.3016008860929,203.60157453544775,204.74226479923558,458.0,240.0,2.277209638910616,15.09142735528378,3.531893641818575,0.8838682015175934
4,200,50,199,0.3642578125000001,298,0.781964732,257.186484795839,272.24260019134084,201.19639308230157,202.34249722388859,466.0,326.0,2.238091613746621,14.844001496486062,3.489104447279053,0.8740327591451165
4,200,50,199,0.3461914062500001,348,0.662329506,253.50917323119575,282.3581769694151,198.77570855203015,199.8999431586974,476.0,414.0,2.198426323263896,14.584396185826217,3.4333258629368757,0.864195626930871
4,200,50,199,0.3334350585937501,398,0.898663182,250.82727364020812,293.48767896745716,197.0796030869294,198.2935671146837,480.0,508.0,2.1670103016157984,14.383556139786466,3.350085812029193,0.8570892594192456
