run,p,n,ktrue,lambda,k,time,objval,EBIC,loglik_val,loglik_test,TF,FF,operatorNorm,frobeniusNorm,L1MatrixNorm,LInfVectorNorm
5,200,600,199,0.6929931640625002,50,0.262816315,305.1187637279937,222.78650771419427,223.41412939859524,222.07288909647727,244.0,56.0,2.894737831623664,19.369401659532812,4.472140234467735,1.178149153872499
5,200,600,199,0.5744628906250002,100,0.336072826,290.03375428922516,215.72922544301463,214.62536773737207,213.62582647170086,258.0,142.0,2.7956428405504856,18.7613005099046,4.391130257571871,1.133681762503863
5,200,600,199,0.4921875000000002,149,0.312322237,278.51735162105234,210.82179847522443,208.13704639765467,207.37934060077043,284.0,214.0,2.698737901998759,18.253831132916854,4.32118588162243,1.09866192501942
5,200,600,199,0.4165039062500002,199,0.471633523,266.9477293172734,205.81841148260077,201.6038985729332,201.04630652162183,330.0,268.0,2.581799609607877,17.67587753477697,4.222953652375891,1.0628555322066873
5,200,600,199,0.37500000000000017,249,0.256504289,260.09244775270014,203.22840549633634,197.56447036741127,197.11609197702796,390.0,308.0,2.50064176286673,17.284458691190654,4.1408198988664955,1.04154626580952
5,200,600,199,0.3427734375000001,298,0.62895299,254.44789600510745,201.11613992492767,194.05230252863078,193.68779053262307,450.0,346.0,2.4313743363512534,16.923095747886826,4.0484287744232965,1.0240917203549746
5,200,600,199,0.3144531250000001,348,0.555249631,249.19954929273652,199.0763134862246,190.62123967536797,190.31093917887995,508.0,388.0,2.3641501960506544,16.547737680551386,3.941568916095775,1.0080463333497065
5,200,600,199,0.2821044921875001,398,1.296168584,242.80064765836278,196.14925403504853,186.33315239136198,186.05636895429316,558.0,438.0,2.2821180263937335,16.040349224727944,3.781469023956437,0.9888513647855702
