run,p,n,ktrue,lambda,k,time,objval,EBIC,loglik_val,loglik_test,TF,FF,operatorNorm,frobeniusNorm,L1MatrixNorm,LInfVectorNorm
9,200,150,199,0.7148437500000002,50,0.116277659,307.7100691756548,227.76793347204472,219.3581203738807,222.06720530267455,246.0,54.0,2.4268945502522405,16.426043206329698,3.4273668575542304,0.9273668575542304
9,200,150,199,0.6171875000000002,100,0.283536717,295.55567017383413,225.42502093078897,212.12827302391764,214.77607993118085,298.0,102.0,2.3517897172830415,15.940745394582677,3.3662940434697863,0.8921528776041903
9,200,150,199,0.5595703125000002,149,0.26451401,287.7864760438493,225.17726144114164,207.12464068178963,209.68346684789122,336.0,162.0,2.293373140870995,15.582547128839998,3.244629808652167,0.8693081113002206
9,200,150,199,0.5166015625000002,199,0.380377655,281.6096812510583,225.7466991182477,202.84348241983844,205.2975260737723,384.0,214.0,2.2394402604103694,15.263312387121584,3.1653821386089183,0.8511414022300509
9,200,150,199,0.4728240966796876,249,1.064695449,274.890695430468,225.55488594778123,197.89033371837064,200.2191949020847,436.0,262.0,2.1750253264921695,14.872892149563212,3.109117653480368,0.8315426583482958
9,200,150,199,0.4409885406494142,298,1.457554169,269.67490990916133,226.23670728949713,193.80483883148375,196.05896892399656,486.0,310.0,2.1225848633507645,14.534798669291863,3.059429599640973,0.8165423208196647
9,200,150,199,0.4082031250000001,348,0.864953604,263.9509515750227,226.41449400481062,189.14349830508107,191.33306040690778,518.0,378.0,2.0656222388640924,14.131740521646915,2.999910550824597,0.8003855388972146
9,200,150,199,0.3747558593750001,398,1.373553267,257.6796978237482,226.13296134022002,184.0426811117064,186.16937132872238,552.0,444.0,2.0042165267228347,13.660876714893993,2.9204702974849237,0.7831084830903835
