run,p,n,ktrue,lambda,k,time,objval,EBIC,loglik_val,loglik_test,TF,FF,operatorNorm,frobeniusNorm,L1MatrixNorm,LInfVectorNorm
0,200,250,199,0.6640625000000002,50,0.37748024,301.62411440285393,222.57242441146226,219.96865642589086,220.90092330951887,300.0,0.0,2.4979250718658523,16.51645398918144,3.929053449806028,0.9409404544331867
0,200,250,199,0.5117187500000002,100,0.32908711,281.0440506952873,211.33739997636852,206.02441939145834,206.59888099587033,400.0,0.0,2.3158671480082815,15.426445159553323,3.666020634914968,0.880380713559001
0,200,250,199,0.4238281250000001,149,0.577170507,266.93229438053334,202.8813931446256,194.85065546808502,194.9967375344363,496.0,2.0,2.1428350552779687,14.432492613520742,3.333846499833962,0.8395474599781161
0,200,250,199,0.2812500000000001,199,0.592811829,237.54491768362126,181.1556230035965,170.89893967926741,170.23458371945304,590.0,8.0,1.743888264844478,11.840419452638177,2.4215519096990654,0.7613916166912881
0,200,250,199,0.19531250000000006,249,0.707307349,212.8841500079457,165.6148255022447,153.49110176799684,152.24784456386442,598.0,100.0,1.419965926485689,9.886973546870841,1.9068073236206697,1.1767720491510565
0,200,250,199,0.17089843750000006,298,1.043956049,204.43515208004055,162.71848791773027,148.48807818313216,147.03337153668193,598.0,190.0,1.7167447393139885,9.443220901607209,2.523904937413842,1.5585259236287532
0,200,250,199,0.15917968750000006,348,0.976975625,200.06972902356452,162.65772867126472,146.09796540154065,144.56059592327418,598.0,280.0,1.9490990217058786,9.297140564968137,2.9809595792546326,1.7718937232998841
0,200,250,199,0.15100097656250006,398,1.261032504,196.9141337828501,163.3433929274589,144.47137043698262,142.89390827487566,598.0,366.0,2.1269477072985663,9.229731282791674,3.3202457121271056,1.9320716880823718
