run,p,n,ktrue,lambda,k,time,objval,EBIC,loglik_val,loglik_test,TF,FF,operatorNorm,frobeniusNorm,L1MatrixNorm,LInfVectorNorm
6,200,450,199,0.5380859375000002,50,0.420618342,285.4765345162755,213.7321983933776,213.81952416003128,213.56176111313442,300.0,0.0,2.527778358927803,17.02745646158195,3.8718111122869994,0.9934033997191207
6,200,450,199,0.4277343750000001,100,0.51748324,269.30948632661836,205.40215434484264,203.66129488212647,203.3201966371666,400.0,0.0,2.325854021337497,16.109545679555676,3.423515687514559,0.9431517331610246
6,200,450,199,0.3583984375000001,149,0.508732515,257.64084612974335,198.71506344495438,195.21190308875566,194.8586844954026,498.0,0.0,2.1758562476069656,15.264456994203874,3.062782129363606,0.9074010946513951
6,200,450,199,0.21875000000000006,199,0.479319975,227.58442732091248,178.13370596962096,172.82014064244026,172.44377595813782,596.0,2.0,1.761366042160936,12.621145850682213,2.341619913098877,1.4609000418907387
6,200,450,199,0.13940429687500006,249,0.968524714,203.75314018105271,165.4762792741206,158.86743031624005,158.41367468306956,596.0,98.0,3.634364624947191,11.170369313553769,6.0261261948601765,3.227431584817335
6,200,450,199,0.12984085083007818,298,1.235823466,200.29956397621214,165.2298420726725,157.20866927619502,156.73095635262072,596.0,190.0,3.7374534439203986,11.021419223476187,6.124335509913196,3.2871371201391035
6,200,450,199,0.12182617187500003,348,0.971522641,197.3876944370984,165.2981384507547,155.89609863471733,155.39938955833182,596.0,280.0,4.099323843471687,11.010957300152027,6.714761874796205,3.5887930403594863
6,200,450,199,0.11572265625000003,398,1.017495292,194.9423324754364,165.4389704259624,154.79210005927862,154.28924642243578,598.0,360.0,3.8776050058025002,10.868665318896714,6.138791915727584,3.379273344153848
