run,p,n,ktrue,lambda,k,time,objval,EBIC,loglik_val,loglik_test,TF,FF,operatorNorm,frobeniusNorm,L1MatrixNorm,LInfVectorNorm
5,200,500,199,0.4648437500000001,50,0.505026015,274.9736815608008,208.17537888371285,207.32350918517733,207.29546001606485,300.0,0.0,2.6003061810094503,18.002108276088148,3.5852934809031765,1.0861523264155806
5,200,500,199,0.3685302734375001,100,0.602831006,259.85284414792886,201.17682983721784,198.3784537430558,198.6739877304924,400.0,0.0,2.472723356759965,17.111445190805718,3.352151730331539,1.0381080841535164
5,200,500,199,0.3164062500000001,149,0.447459349,250.64230425504394,196.75933951214623,192.1848587446109,192.67541781119954,498.0,0.0,2.3705041769456807,16.441525662220176,3.134724544340735,1.009175076168301
5,200,500,199,0.21875000000000006,199,0.459715669,230.07474694200633,184.32077939822653,177.75154391848022,178.67909243654967,592.0,2.0,2.1006508967476956,14.689566902834382,2.70402235150967,0.9483061725694267
5,200,500,199,0.13867187500000006,249,0.708159698,207.97712642894274,173.31806049359366,164.95527677797594,166.26987107200767,598.0,98.0,2.2609348503579434,13.068381241762905,3.615526478890538,2.1105381710244986
5,200,500,199,0.12448120117187503,298,0.980670563,203.4169412276994,172.46372967829868,162.8033549987251,164.20242779356988,598.0,186.0,2.591190673686555,12.855434408180134,4.184948371403428,2.405956254417334
5,200,500,199,0.11810302734375003,348,0.868978857,201.26373141303776,172.69876828489126,161.86007422326452,163.29282674816943,598.0,266.0,2.798131194304392,12.772316530234413,4.555175301306411,2.58423409172278
5,200,500,199,0.11315155029296878,398,1.070794966,199.47707358104498,173.48277790283316,161.11007383130695,162.56667393060428,598.0,370.0,2.706275743003676,12.646193441418031,4.415408698439239,2.4672585572759527
