run,p,n,ktrue,lambda,k,time,objval,EBIC,loglik_val,loglik_test,TF,FF,operatorNorm,frobeniusNorm,L1MatrixNorm,LInfVectorNorm
0,200,200,199,0.7001953125000002,50,0.238781553,306.0345138677918,226.06558735217448,220.76067482608434,224.99922254463542,280.0,20.0,2.526317834646689,16.714191520019046,3.9537117018680155,0.9537117018680159
0,200,200,199,0.6215820312500002,100,0.297675492,296.2377173706115,223.42976796080592,214.36816549655788,218.4991951698932,326.0,74.0,2.4598333490170363,16.28396122712592,3.877792817658369,0.9251976991965578
0,200,200,199,0.5693359375000002,149,0.30527847,289.2252820043867,221.99386542269383,209.20166706118258,213.21531250447984,360.0,138.0,2.3979571389524255,15.937675530512578,3.7845478637391086,0.9046672249296357
0,200,200,199,0.5209960937500002,199,0.459648966,282.26477879827405,220.1933842737056,203.62911704109337,207.48059309930517,398.0,200.0,2.3268784713584005,15.559921954769509,3.6684667332944274,0.8844155371391605
0,200,200,199,0.4804687500000002,249,0.667348944,275.9947561174512,218.79335985017173,198.43173208239506,202.13749788865567,434.0,264.0,2.257638796461163,15.190866683873807,3.5419992465989423,0.8664176801445349
0,200,200,199,0.4384765625000002,298,0.786624184,268.9951757249098,216.57712018448532,192.54734214519243,196.0458490810082,480.0,316.0,2.176018111863485,14.740362626525318,3.390314733712071,0.8466995166134647
0,200,200,199,0.4047851562500002,348,1.212969526,262.93896849163974,215.18179056896304,187.3836087242537,190.6993972637474,526.0,370.0,2.1011458056609484,14.315771172189516,3.247688035719137,0.8300267973079536
0,200,200,199,0.3674316406250001,398,1.667572352,255.67651657232219,212.7360488128249,181.24052372097725,184.3337245232594,552.0,444.0,2.009408291781881,13.767609534805834,3.074392549381001,0.8105814390662125
