run,p,n,ktrue,lambda,factor,k,keff,time,solver,cuts,gap,objval,binding,EBIC,loglik_val,loglik_test,TF,FF,operatorNorm,frobeniusNorm,L1MatrixNorm,LInfVectorNorm
6,200,350,199,6.5201155116436755,100.0,398,398,2947.592937748,Gurobi,8,7.464421584065484e97,133.96885327789212,false,152.69327365759818,142.2106252293488,142.94944911881316,598,398,24.577124757705402,31.85604064271441,41.67251640097066,20.676410637668283
6,200,350,199,6.5201155116436755,100.0,348,348,1757.983060627,Gurobi,13,7.42818651932052e97,134.62236003350563,false,151.09935111953035,141.4360260742288,142.20918810922043,598,298,24.589116381078043,31.916400025412827,41.60834876705722,20.66429830427828
6,200,350,199,6.5201155116436755,100.0,298,298,1612.904988032,Gurobi,18,7.36991183893324e97,135.68683341872176,false,149.78439728484773,141.1339342436448,141.6945936774306,596,200,24.821513556608096,31.82108041183863,42.2044995113668,20.93573321466493
6,200,350,199,6.5201155116436755,100.0,249,249,1482.971791446,Gurobi,23,7.310634762387203e97,136.7870277345741,false,148.5331221295678,140.26781098152563,140.6414664611349,596,102,25.550074101036966,32.49751917987061,43.26362773635494,21.461502379791376
6,200,350,199,6.5201155116436755,100.0,199,199,1043.884913986,Gurobi,27,2.4556062429101457,137.33073478263034,false,147.26315788608832,139.29480016407425,139.58231930633707,596,2,28.128610381285153,34.82565178105085,47.88536026700513,23.68812290225125
6,200,350,199,6.5201155116436755,100.0,149,149,660.898422138,Gurobi,31,1.826669334930611,143.3441275527619,false,150.57187306893988,146.12491109883607,146.54241610977076,498,0,28.01509043156828,35.10375227413886,47.70634832881488,23.60849436440772
6,200,350,199,6.5201155116436755,100.0,100,100,302.419111222,Gurobi,38,1.2349250366853404,151.76913095495033,false,156.59784435420158,153.8114482789863,154.3804669559596,400,0,28.09155034067059,35.72534332450057,47.828849453196966,23.664745279222352
6,200,350,199,6.5201155116436755,100.0,50,50,419.702855313,Gurobi,45,0.6583019315065384,165.56745291620138,false,167.91796811848886,167.3738594070369,167.34040840740244,300,0,23.77812623009766,31.078793282138797,40.68868038860853,20.162145665458294
