run,p,n,ktrue,lambda,factor,k,keff,time,solver,cuts,gap,objval,binding,EBIC,loglik_val,loglik_test,TF,FF,operatorNorm,frobeniusNorm,L1MatrixNorm,LInfVectorNorm
2,200,550,199,7.262201423388234,100.0,398,398,1517.532203106,Gurobi,5,7.103990132335297e97,140.76596129382145,false,153.02535822119071,146.4863457211543,147.29592938872233,596,400,16.67788995218029,25.376185183095874,26.850035104708613,13.304705246616207
2,200,550,199,7.262201423388234,100.0,348,348,1424.819315211,Gurobi,10,7.076138585595509e97,141.32001343722166,false,152.04166841291502,145.9282685724134,146.7663445245191,596,300,16.68939399694363,25.409397191318543,26.870352970487623,13.312994629586168
2,200,550,199,7.262201423388234,100.0,298,298,1290.871309128,Gurobi,15,7.045717139910044e97,141.93019392384628,false,151.10440739961123,145.3498895623831,146.16654947286764,596,200,16.731954458306987,25.521644453824354,26.90563170701269,13.329948884842155
2,200,550,199,7.262201423388234,100.0,249,249,337.858810659,Gurobi,17,2.7009864006631314,141.94430381608854,false,150.27150494604973,144.70925101626614,145.47989593500114,596,102,16.622255001027163,25.37478292777359,26.75511146874534,13.254772709042099
2,200,550,199,7.262201423388234,100.0,199,199,369.522212136,Gurobi,22,2.1739308231654735,143.37622288536036,false,149.92120922923692,144.66314042871963,145.23586631709153,590,8,17.483343946149947,26.233213667996754,28.007428209015828,13.850063614164306
2,200,550,199,7.262201423388234,100.0,149,149,570.563222677,Gurobi,26,1.6391215519718714,148.79391135164587,false,153.42805002725166,150.36715794414135,150.90647387217558,496,2,16.780393081856612,26.33956056369174,26.709860878340173,13.273020293790056
2,200,550,199,7.262201423388234,100.0,100,100,344.603096288,Gurobi,35,1.1326860853013736,156.48599720048628,false,159.57369591218105,157.59252426087312,157.95647444936873,398,2,16.207944181229596,26.141684905734383,25.82204673031106,12.863442266837342
2,200,550,199,7.262201423388234,100.0,50,50,463.995199934,Gurobi,42,0.6256892802973746,168.06669365374452,false,169.6204496893792,168.3486849551651,169.2294003972752,298,2,16.088173909279043,26.638205913899906,25.72490053833392,12.8179749155837
