run,p,n,ktrue,lambda,factor,k,keff,time,solver,cuts,gap,objval,binding,EBIC,loglik_val,loglik_test,TF,FF,operatorNorm,frobeniusNorm,L1MatrixNorm,LInfVectorNorm
7,200,550,199,6.8278148971379915,100.0,398,398,3021.488359067,Gurobi,8,7.811656659791578e97,128.01381877767793,false,140.26080186833195,135.5313523058313,135.96394129389435,598,398,21.25340790020173,30.90277286500047,36.87359964780451,18.304336562421543
7,200,550,199,6.8278148971379915,100.0,348,348,2693.037402236,Gurobi,16,7.780160431676033e97,128.53205390580564,false,139.24213133193953,135.1200316883103,135.39700306267792,598,298,21.53774577403881,31.093181052139197,37.39363313564603,18.545205505455165
7,200,550,199,6.8278148971379915,100.0,298,298,1631.327702828,Gurobi,21,7.754938989543024e97,128.9500796006813,false,138.19541149667825,134.67001051655058,134.89183240650252,598,198,21.862808510637706,31.50582637587115,38.051250056101026,18.84227894470567
7,200,550,199,6.8278148971379915,100.0,249,249,1355.796460436,Gurobi,25,7.698199195595166e97,129.9005097935359,false,137.60223748728453,134.14172087556324,134.48511718475038,596,102,21.976105756870954,30.98699570016378,38.280352563050876,18.941467376754947
7,200,550,199,6.8278148971379915,100.0,199,199,1128.299361341,Gurobi,29,7.655406588545141e97,130.62663471020724,false,136.75664674346228,133.33815454675073,133.7379523284739,596,2,22.938819215649254,32.1723501855645,39.73690524558351,19.664898124290616
7,200,550,199,6.8278148971379915,100.0,149,149,641.978441294,Gurobi,33,1.6380143905467768,137.62840863338232,false,142.34939082974694,141.02105243941062,141.61996448317043,498,0,21.777850678614673,31.484551952946997,37.64982316740441,18.701156588555527
7,200,550,199,6.8278148971379915,100.0,100,100,593.190654657,Gurobi,38,1.13540365531609,147.947958268876,false,151.05542535738155,151.14006825551982,151.564742334853,400,0,21.49402011679985,31.607469147696612,37.1868945963253,18.486265682572164
7,200,550,199,6.8278148971379915,100.0,50,50,327.209145412,Gurobi,50,0.636718603217006,162.3892380139752,false,163.91221147683902,164.3381996658228,166.07905950777337,300,0,15.334922309683813,24.88634739574051,26.56239792336885,13.223687808694782
