run,p,n,ktrue,lambda,factor,k,keff,time,solver,cuts,gap,objval,binding,EBIC,loglik_val,loglik_test,TF,FF,operatorNorm,frobeniusNorm,L1MatrixNorm,LInfVectorNorm
9,200,350,199,6.19539593862283,100.0,398,398,2855.158272207,Gurobi,8,8.208113131542718e97,121.83067947213462,false,140.55402445603116,130.80702477103267,131.1922263194497,598,398,19.127935791351682,29.1447072004455,28.68864748390334,14.214180900752684
9,200,350,199,6.19539593862283,100.0,348,348,1835.43086501,Gurobi,13,8.166563905724824e97,122.45052038336374,false,138.9390234909759,130.10753499335306,130.39522303212811,598,298,19.095009042650055,29.143930050461083,28.694232754825386,14.205248336719805
9,200,350,199,6.19539593862283,100.0,298,298,1576.178293411,Gurobi,18,8.11415305502979e97,123.24145147596413,false,137.30937308475117,129.54395556630564,129.64730081047455,598,198,19.326869686011793,29.510186997441654,28.843552554953806,14.258252905146977
9,200,350,199,6.19539593862283,100.0,249,249,1967.136865475,Gurobi,26,8.047394814506451e97,124.26381742789269,false,135.98240561291743,128.69835665019448,128.71558111226116,598,100,19.494617000991553,29.788342642050004,29.049304227375693,14.35399891445866
9,200,350,199,6.19539593862283,100.0,199,199,1033.110181153,Gurobi,30,7.947568311494021e97,125.82464985595266,false,135.19253030013283,127.9227891572198,128.02540936605646,594,4,20.314375340352317,30.387736271449917,29.494548621596564,14.670849602295279
9,200,350,199,6.19539593862283,100.0,149,149,779.714521682,Gurobi,34,1.9361559760560407,133.30780888851925,false,140.5866836328999,136.3887333560337,136.34890933748608,498,0,20.63728451125101,31.069490560732277,29.616568681493945,14.722470943929133
9,200,350,199,6.19539593862283,100.0,100,100,655.095708962,Gurobi,39,1.3119655804160542,145.4777224418468,false,150.22118686208324,148.53735855964598,148.16465097076662,400,0,20.80710333710736,31.578550886537123,29.869225885027973,14.84683232130306
9,200,350,199,6.19539593862283,100.0,50,50,301.665881287,Gurobi,49,0.737474452213271,163.4101459266162,false,165.76949248786744,165.4773866795982,164.58160407421093,300,0,12.704895118960607,21.830102599988024,18.600009428799616,9.261545529644192
