run,p,n,ktrue,lambda,factor,k,keff,time,solver,cuts,gap,objval,binding,EBIC,loglik_val,loglik_test,TF,FF,operatorNorm,frobeniusNorm,L1MatrixNorm,LInfVectorNorm
9,200,400,199,6.344859505673299,100.0,398,398,1927.378070251,Gurobi,5,8.172806759251148e97,122.35698572807408,false,139.00683950362117,131.73895978845968,130.7275978296451,598,398,19.17678676427757,29.132571042198833,28.421454067392993,14.104960904259716
9,200,400,199,6.344859505673299,100.0,348,348,1784.790315114,Gurobi,10,8.12557503609009e97,123.0682130874993,false,137.61440289118286,130.73211157812446,130.07580860466499,598,298,19.176038153348355,29.18297962871271,28.36998388708843,14.080371044831484
9,200,400,199,6.344859505673299,100.0,298,298,1631.978022495,Gurobi,15,8.075792869138636e97,123.82685096115647,false,136.27131349021403,130.12715024974952,129.34078424488277,598,198,19.311920929858186,29.398345404029193,28.571080978828025,14.172422039817105
9,200,400,199,6.344859505673299,100.0,249,249,1466.039794717,Gurobi,20,8.016866673865692e97,124.73701268600557,false,135.10226792242355,129.35397103902696,128.4036591091362,598,100,19.91087000234335,29.96414165908566,29.30979135517154,14.556114463102395
9,200,400,199,6.344859505673299,100.0,199,199,1172.488352331,Gurobi,24,7.930668746383756e97,126.0927712377323,false,134.35780806505437,128.77945393224178,127.89366173743603,594,4,20.025860632294012,30.043665110002717,29.219473872761377,14.523891906333082
9,200,400,199,6.344859505673299,100.0,149,149,800.957531602,Gurobi,28,1.864406192153682,133.51091020552246,false,140.0611331424137,137.77919325958288,136.5486950629289,496,2,19.978326932592797,30.39951574902119,28.965919787870202,14.406550243235905
9,200,400,199,6.344859505673299,100.0,100,100,637.433742929,Gurobi,33,1.2693367422425068,145.52091398904156,false,149.7334694087281,150.0740751034873,147.99072792810406,400,0,20.561969564322585,31.28134640194089,29.379954938990135,14.606118308768627
9,200,400,199,6.344859505673299,100.0,50,50,409.42278683,Gurobi,40,0.7125198588132517,162.5399442811409,false,164.62456286780753,166.2884626992274,163.87394610415532,300,0,18.713423711583093,29.150617630963517,26.968504920834167,13.399220707638666
