run,p,n,ktrue,lambda,factor,k,keff,time,solver,cuts,gap,objval,binding,EBIC,loglik_val,loglik_test,TF,FF,operatorNorm,frobeniusNorm,L1MatrixNorm,LInfVectorNorm
8,200,500,199,6.915207583606793,100.0,398,398,1780.019154616,Gurobi,5,7.461007578468122e97,134.03015470536727,false,147.49225175374815,140.50674865119822,141.21362899368916,598,398,18.22195995115945,29.987248968711704,27.83635753715786,13.586769764162792
8,200,500,199,6.915207583606793,100.0,348,348,1641.414913081,Gurobi,10,7.425559551036666e97,134.6699858949205,false,146.43436822096987,139.90699317161744,140.52268556539957,598,298,18.296856836512337,30.084810327161975,27.877851424927275,13.60473426012981
8,200,500,199,6.915207583606793,100.0,298,298,1448.566045394,Gurobi,15,7.389755042891845e97,135.32248284222808,false,145.37514123101678,139.4419727974244,139.88820225456033,598,198,18.48186758354017,30.314143813661616,28.136067238287612,13.723047775331514
8,200,500,199,6.915207583606793,100.0,249,249,1254.453416212,Gurobi,19,7.35193943664026e97,136.01853070446225,false,144.4223258763898,138.93067456749515,139.3344409945291,598,100,18.552502472025935,30.411741546650664,28.266778099003698,13.778631391915342
8,200,500,199,6.915207583606793,100.0,199,199,1059.341337627,Gurobi,23,7.303202562269691e97,136.92623085196473,false,143.63012004567025,138.49473472136802,138.7975338401155,594,4,19.083471342951345,31.194747036065195,29.165247551980745,14.209143134010327
8,200,500,199,6.915207583606793,100.0,149,149,581.461321188,Gurobi,27,1.6298306386119807,143.68596715755316,false,148.84430067692867,146.6063882412417,146.29401483700457,496,2,15.29468266154978,27.35945621953089,23.208451750794925,11.499750164470699
8,200,500,199,6.915207583606793,100.0,100,100,353.179826265,Gurobi,31,1.119658498787414,152.1196515759612,false,155.49618810613163,154.40822373787393,154.20213035791443,398,2,15.252321287387478,27.982706503487037,23.058318408129704,11.432383791329208
8,200,500,199,6.915207583606793,100.0,50,50,396.52704824,Gurobi,37,0.6337106328019861,165.09510348216978,false,166.7887762718727,166.5792379203551,166.36043890765635,300,0,15.712698707169459,28.653262663141945,23.593619772237112,11.739430987993266
