run,p,n,ktrue,lambda,factor,k,keff,time,solver,cuts,gap,objval,binding,EBIC,loglik_val,loglik_test,TF,FF,operatorNorm,frobeniusNorm,L1MatrixNorm,LInfVectorNorm
1,200,600,199,8.41592128275616,100.0,398,398,2042.262686345,Gurobi,5,7.349907212985185e97,136.05613935279155,false,147.7340099367961,142.49723393981026,144.584146080337,598,398,34.989124215728395,39.937567993335826,60.853814985743774,30.190313632465433
1,200,600,199,8.41592128275616,100.0,348,348,3097.005617797,Gurobi,13,7.30210651157604e97,136.9467835637153,false,146.81646224776668,141.97073661214105,144.13609507294188,598,298,35.21641887201246,40.17817702361349,61.25095385170068,30.383119190102292
1,200,600,199,8.41592128275616,100.0,298,298,1884.282438807,Gurobi,18,7.284289563138715e97,137.2817474281063,false,145.91101114189763,141.3625077168512,143.51653590799918,598,198,35.583361429217774,40.496844265609184,61.97947091586293,30.723142185849643
1,200,600,199,8.41592128275616,100.0,249,249,1457.223308024,Gurobi,22,7.253494197109407e97,137.86458951032324,false,144.9935609586541,140.86107673864905,143.0530883568378,598,100,36.75610243885075,41.61888589850739,64.05168569827664,31.712713357989085
1,200,600,199,8.41592128275616,100.0,199,199,1270.605396258,Gurobi,26,7.21302489632901e97,138.63809072791904,false,144.323101341352,139.99375123453177,142.24367277708694,598,0,36.963061417128465,41.926869740325664,64.24061945289024,31.827960480331544
1,200,600,199,8.41592128275616,100.0,149,149,301.634014108,Gurobi,29,1.8576914445462038,144.7953219149628,false,149.7857655590533,147.6565933545662,150.12871192826896,498,0,34.51509426781579,39.486992193213865,59.911685457083,29.764277306558874
1,200,600,199,8.41592128275616,100.0,100,100,414.284843521,Gurobi,34,1.2659748070957382,154.34673420579895,false,157.3093925966247,156.59436532320206,158.6099980488923,400,0,34.885219065944916,40.22936460545847,60.55759352187751,30.085123406272615
1,200,600,199,8.41592128275616,100.0,50,50,362.018303199,Gurobi,40,0.7071364014717719,167.05434920316375,false,168.48222833020264,168.03296242916656,170.22750385908347,300,0,32.127357179498524,37.72201144601377,55.77546614163808,27.702650898714207
