run,p,n,ktrue,lambda,factor,k,keff,time,solver,cuts,gap,objval,binding,EBIC,loglik_val,loglik_test,TF,FF,operatorNorm,frobeniusNorm,L1MatrixNorm,LInfVectorNorm
8,200,600,199,7.092154163366997,100.0,398,398,1966.279992396,Gurobi,5,7.439479345130746e97,134.41800878908487,false,145.8195856088898,140.02637539197474,140.71527175585913,598,398,18.657502978205002,30.544915475174776,28.70671547692175,14.01575897462784
8,200,600,199,7.092154163366997,100.0,348,348,1819.05679566,Gurobi,10,7.412272409516621e97,134.9113935310984,false,144.88658994049692,139.6133005834163,140.31692648797048,598,298,18.647532153205937,30.577473564662892,28.627228642937272,13.983376975899928
8,200,600,199,7.092154163366997,100.0,298,298,1521.368445073,Gurobi,14,7.380100227337397e97,135.49951480276596,false,144.00996107302925,139.2765727285998,139.68147641773723,598,198,18.74085990201187,30.70415287280119,28.68837624334306,14.01487499228469
8,200,600,199,7.092154163366997,100.0,249,249,1382.814061192,Gurobi,18,7.349834647664648e97,136.05748264251662,false,143.1628461565267,138.82911697670892,139.23249433169894,598,100,18.8119003468561,30.894894315099414,28.782963540712803,14.055082573724446
8,200,600,199,7.092154163366997,100.0,199,199,1101.181156385,Gurobi,22,7.307867519092765e97,136.8388243748766,false,142.48808006116033,138.56621637771832,138.8504091770223,594,4,19.624503224754065,31.887709021670087,30.205596581202627,14.709641705560685
8,200,600,199,7.092154163366997,100.0,149,149,302.080986315,Gurobi,28,1.5469753820671315,143.70967756494537,false,148.09137553620243,146.32301371418623,146.54874880089494,496,2,15.449435167854592,27.679270469463106,23.745818538635266,11.765047126069822
8,200,600,199,7.092154163366997,100.0,100,100,335.024919034,Gurobi,37,1.070060990008151,151.82779748179087,false,154.67517319548332,153.93587191471747,154.04826905940132,400,0,15.751140739849667,28.496878251914815,23.777080124963003,11.830689354758801
8,200,600,199,7.092154163366997,100.0,50,50,302.772203111,Gurobi,42,0.609718764384571,164.89763116184773,false,166.32451498473947,166.75724221751977,166.3994592743091,300,0,15.624596872798914,28.738864133426556,23.493200305504672,11.685346227273325
