run,p,n,ktrue,lambda,factor,k,keff,time,solver,cuts,gap,objval,binding,EBIC,loglik_val,loglik_test,TF,FF,operatorNorm,frobeniusNorm,L1MatrixNorm,LInfVectorNorm
0,200,600,199,5.838870299603364,100.0,398,398,2123.42132468,Gurobi,5,8.634192222591026e97,115.81859358928091,false,127.24424926044533,121.89042253388044,120.18520283106324,598,398,12.747370592669016,27.92514217990744,20.375062055881312,10.203045826658002
0,200,600,199,5.838870299603364,100.0,348,348,2121.834586511,Gurobi,10,8.60023107502911e97,116.27594552703518,false,126.26266851886079,121.5835630253301,119.74942223049091,598,298,12.782571443315307,28.0030726133749,20.433179044323342,10.228917804656609
0,200,600,199,5.838870299603364,100.0,298,298,1657.969159186,Gurobi,14,8.56144306498386e97,116.80273902538475,false,125.35398293614408,121.10977495343353,119.28759209994764,598,198,12.825307162496008,28.146054949097845,20.476679127691096,10.247949440686257
0,200,600,199,5.838870299603364,100.0,249,249,1471.992564344,Gurobi,18,8.515317133238701e97,117.43543832285454,false,124.53359379349206,120.52288814705142,118.7548623465525,598,100,12.97933867768993,28.439103525699952,20.84494354276391,10.409037226669177
0,200,600,199,5.838870299603364,100.0,199,199,1165.783731832,Gurobi,22,8.454429719680071e97,118.28118905196145,false,123.93633730185954,119.99994371134957,118.35162474376457,596,2,13.468743407425146,29.26129756762765,21.69934045252722,10.813642745201781
0,200,600,199,5.838870299603364,100.0,149,149,572.176976926,Gurobi,26,1.4882427960229372,125.85273283979451,false,130.35648325980566,128.40367233414798,126.20758533950273,498,0,12.997973241584004,29.070347459550774,20.80554892401715,10.412747393175659
0,200,600,199,5.838870299603364,100.0,100,100,379.589327003,Gurobi,34,1.0143961918859752,138.30496824811644,false,141.12522752617787,141.1711130951636,138.05334285688772,400,0,12.432069949208225,27.847042739669014,19.92536920808498,9.979240586582641
0,200,600,199,5.838870299603364,100.0,50,50,371.903509867,Gurobi,41,0.6123242856126752,159.1368204640381,false,160.55267611726268,162.42425073754484,158.90591126483585,300,0,11.031780914218013,24.99526885814572,17.67689639791763,8.86490632572808
