run,p,n,ktrue,lambda,factor,k,keff,time,solver,cuts,gap,objval,binding,EBIC,loglik_val,loglik_test,TF,FF,operatorNorm,frobeniusNorm,L1MatrixNorm,LInfVectorNorm
1,200,450,199,7.791214204045447,100.0,398,398,3588.814333246,Gurobi,8,7.426754495539087e97,134.64831786221754,false,149.4418351396869,143.2343337425222,143.56350445668267,598,398,35.002614890646086,40.47349461113006,60.98443645792172,30.22552121981723
1,200,450,199,7.791214204045447,100.0,348,348,2007.655757965,Gurobi,13,7.410157310745138e97,134.94990161004338,false,148.22803744044217,142.3788158083646,142.93850486046927,598,298,35.578501147587204,40.90176570639601,61.97845003688378,30.68161669430395
1,200,450,199,7.791214204045447,100.0,298,298,1936.214782227,Gurobi,18,7.364404480600673e97,135.78830476166834,false,147.09487142272363,141.52429066199508,142.27682411192418,598,198,35.78365710421643,41.09499563284635,62.33564967365785,30.861477160956174
1,200,450,199,7.791214204045447,100.0,249,249,1606.92866106,Gurobi,22,7.31693994231405e97,136.66915512275486,false,146.0344794352888,140.84735220971604,141.48591955959225,598,100,37.599615772260066,42.68724642407296,65.49473358694598,32.44654232936263
1,200,450,199,7.791214204045447,100.0,199,199,1236.745879344,Gurobi,26,7.253962867036966e97,137.85568224289395,false,145.2803652763693,140.09576225698146,140.61890463466125,594,4,38.77168916062289,43.82763725825801,67.61740898930326,33.46452224830024
1,200,450,199,7.791214204045447,100.0,149,149,349.435230862,Gurobi,30,1.953494646348343,143.9225211945202,false,149.99092175121734,147.94887375040557,148.1582107078174,498,0,36.15813764196252,41.25417844912307,62.76859634323225,31.182633737335447
1,200,450,199,7.791214204045447,100.0,100,100,337.467577477,Gurobi,40,1.3250658589795112,153.41128557519625,false,157.2890146626675,157.20994087050786,156.86222853805543,400,0,36.177378423103704,41.58742206573003,62.801193162142646,31.204407956211707
1,200,450,199,7.791214204045447,100.0,50,50,387.326404566,Gurobi,55,0.7311904493531114,166.60701448879408,false,168.45865863331656,169.17703821235554,168.4525042309284,300,0,33.85990325779508,39.504394444456366,58.78033911258251,29.20160594881348
