run,p,n,ktrue,lambda,factor,k,keff,time,solver,cuts,gap,objval,binding,EBIC,loglik_val,loglik_test,TF,FF,operatorNorm,frobeniusNorm,L1MatrixNorm,LInfVectorNorm
2,200,600,199,7.3443532427828115,100.0,398,398,1675.331340185,Gurobi,5,7.100223991732748e97,140.8406271639268,false,152.181021410751,144.71895941706515,146.84075113868298,596,400,16.827795940530535,25.81035889904563,27.2864418893623,13.520856641487718
2,200,600,199,7.3443532427828115,100.0,348,348,1556.696996994,Gurobi,10,7.074757964352404e97,141.34759168281118,false,151.24940356375154,144.22263244069026,146.336180701429,596,300,16.893678505827545,25.87050148604985,27.426766777542678,13.583819160434194
2,200,600,199,7.3443532427828115,100.0,298,298,1302.223193209,Gurobi,14,7.046860103520288e97,141.90717359359041,false,150.3794253789074,143.55620980493916,145.78117438892855,596,200,17.068490661938256,26.127697734384594,27.756747055637323,13.736067215177185
2,200,600,199,7.3443532427828115,100.0,249,249,346.754622211,Gurobi,15,7.017065668127529e97,142.50971093831097,false,149.57628335202384,143.07721488431866,145.14652134137276,596,102,17.17130902377987,26.234690717658523,28.086816566718053,13.878653655760932
2,200,600,199,7.3443532427828115,100.0,199,199,360.890842968,Gurobi,20,2.148997574613588,143.40127604229755,false,149.443140794893,143.24358004775507,145.19530746838961,590,8,17.216740865939705,26.13487914295838,27.487494475221077,13.637945254641446
2,200,600,199,7.3443532427828115,100.0,149,149,718.442907421,Gurobi,25,1.6201722739448896,148.7067499703719,false,152.96181231528993,148.645512462317,150.7868901947433,494,4,17.220410129497242,26.882144393160267,27.259546233030775,13.543704020486743
2,200,600,199,7.3443532427828115,100.0,100,100,420.007802525,Gurobi,29,1.121401327566292,156.3019346373984,false,159.14914192052055,155.80180859915325,157.67941244793352,398,2,16.587232700688105,26.607393120224064,26.28710615766058,13.093662627819894
2,200,600,199,7.3443532427828115,100.0,50,50,322.676789965,Gurobi,37,0.6298819880780067,168.2692969108494,false,169.6742536388227,166.72773475425845,169.14630801150577,298,2,11.77556467706789,21.618353420353266,19.171117282236118,9.582603572960364
