run,p,n,ktrue,lambda,factor,k,keff,time,solver,cuts,gap,objval,binding,EBIC,loglik_val,loglik_test,TF,FF,operatorNorm,frobeniusNorm,L1MatrixNorm,LInfVectorNorm
6,200,500,199,7.072246756956973,100.0,398,398,1887.468849843,Gurobi,5,7.36896797435421e97,135.70421305673221,false,149.22256203043898,143.40376842732815,143.20770255220026,598,398,24.659442541802882,31.605556145197372,41.69253653196367,20.648982462230453
6,200,500,199,7.072246756956973,100.0,348,348,1659.270023986,Gurobi,10,7.334360788376696e97,136.34453347110684,false,148.1173748329074,142.74165169683226,142.61391722667327,598,298,25.152593928507844,32.038807798926,42.35441521287737,21.01230710395813
6,200,500,199,7.072246756956973,100.0,298,298,1514.996707544,Gurobi,15,7.299301195487235e97,136.9994158643907,false,147.0764514936825,142.15456367482258,141.95898814598306,598,198,25.319159343847943,32.23444217976018,42.56229290203585,21.15088867346095
6,200,500,199,7.072246756956973,100.0,249,249,1256.584608187,Gurobi,19,7.261551335815918e97,137.71162025223617,false,146.11834365202037,141.4450213691314,141.2956455252774,598,100,25.816232403027843,32.71289001405483,43.53290105014604,21.598151156242377
6,200,500,199,7.072246756956973,100.0,199,199,351.387159815,Gurobi,22,2.2349403104392835,138.09590053376834,false,145.48714293870893,140.92320171593815,140.68780253970618,596,2,26.75456487322335,33.277608982212875,45.38527693345587,22.446304261158193
6,200,500,199,7.072246756956973,100.0,149,149,549.768783001,Gurobi,26,1.6738811917194474,144.65258011334365,false,149.77996736589614,147.62336173954722,147.40118014536407,498,0,26.650354095824287,33.65226836554543,45.223969466282256,22.376903645683885
6,200,500,199,7.072246756956973,100.0,100,100,338.117894768,Gurobi,35,1.1435595801649905,152.88249737019007,false,156.3441297092237,155.2840199500816,155.2439271874178,400,0,26.8546128481935,34.390471609075014,45.57038511792439,22.53945850564108
6,200,500,199,7.072246756956973,100.0,50,50,463.860859502,Gurobi,47,0.569618272318082,166.63088716205098,false,168.29860121278725,168.51289535437087,168.22111609349696,300,0,18.89480380604403,25.988945475577093,32.237378352965045,15.97446773544537
