run,p,n,ktrue,lambda,factor,k,keff,time,solver,cuts,gap,objval,binding,EBIC,loglik_val,loglik_test,TF,FF,operatorNorm,frobeniusNorm,L1MatrixNorm,LInfVectorNorm
3,200,400,199,7.590221590960708,100.0,398,398,1796.735894217,Gurobi,5,7.106524605037587e97,140.71575848638196,false,157.30598189269023,148.3288576552534,148.44222112771263,598,398,24.455797258779064,29.490865429615113,41.73273051463342,20.854977008811822
3,200,400,199,7.590221590960708,100.0,348,348,1710.288493525,Gurobi,10,7.068409331095404e97,141.47454585019457,false,155.96811460075196,147.43959594673544,147.65758497655918,598,298,24.4424426285657,29.47819022964621,41.70343867351624,20.8412066054753
3,200,400,199,7.590221590960708,100.0,298,298,1461.176456708,Gurobi,15,7.026460932305001e97,142.3191574868622,false,154.7088863303436,146.75949284233022,146.8745152468936,598,198,25.35013878708376,30.20611724945194,43.35793859142971,21.612277649093283
3,200,400,199,7.590221590960708,100.0,249,249,1423.451724598,Gurobi,20,6.978576910125484e97,143.29569092361248,false,153.6390477048218,145.58753183959266,145.94440581466085,598,100,25.448768339126413,30.315993768533883,43.54111055796415,21.69807948440955
3,200,400,199,7.590221590960708,100.0,199,199,372.721263381,Gurobi,24,2.575412471166977,144.209744626977,false,152.82511672832436,144.71860831612702,145.2110456956899,594,4,27.111834843039833,31.9547747686602,46.50851209211759,23.109948852046045
3,200,400,199,7.590221590960708,100.0,149,149,300.178934149,Gurobi,27,1.9154675273571597,150.010403664755,false,156.27021604540747,151.17949938136536,151.78313242492035,498,0,27.536901274569445,32.91454595818343,47.240138542942894,23.4618319045253
3,200,400,199,7.590221590960708,100.0,100,100,493.284790122,Gurobi,33,1.2988917741165622,158.0145651989116,false,162.17551211037386,158.75385800675298,159.7871007421677,400,0,27.469588732554048,33.34452872705815,47.11212930312073,23.403700001524037
3,200,400,199,7.590221590960708,100.0,50,50,353.589460765,Gurobi,44,0.6287949573370804,169.44219903960064,false,171.51082114041193,168.92625202940118,170.11067239702203,300,0,25.968029122838217,32.31919544715854,44.54633713520675,22.131302653468584
