run,p,n,ktrue,lambda,factor,k,keff,time,solver,cuts,gap,objval,binding,EBIC,loglik_val,loglik_test,TF,FF,operatorNorm,frobeniusNorm,L1MatrixNorm,LInfVectorNorm
5,200,550,199,7.937945026404268,100.0,398,398,1460.659752918,Gurobi,5,6.7732660245451774e97,147.63926241434606,false,159.9024024490027,152.68086070573048,154.90869246356692,598,398,18.566896783492982,27.787394831632277,29.332395130279693,14.64839198337371
5,200,550,199,7.937945026404268,100.0,348,348,1396.581501998,Gurobi,10,6.7486281117673456e97,148.1782642988336,false,158.89543794189592,152.2873678146973,154.38977011268065,598,298,18.65924061725106,27.913307012576446,29.570153058906325,14.743921864833428
5,200,550,199,7.937945026404268,100.0,298,298,1353.379422286,Gurobi,14,6.7219135565515415e97,148.7671615510952,false,157.94201203249284,151.6267536458546,153.82809366744368,598,198,18.71202121889924,27.97428940088348,29.66842535740375,14.789050551698992
5,200,550,199,7.937945026404268,100.0,249,249,363.452280422,Gurobi,16,2.7686739723282647,148.86581489403912,false,157.13180169528505,150.98196142879385,153.17564507247562,598,100,18.530322869877253,27.78401375290402,29.412968613832398,14.659741749745592
5,200,550,199,7.937945026404268,100.0,199,199,435.190083712,Gurobi,19,2.225458105456963,150.5883251798461,false,156.75907333954885,150.59823678555964,152.65073958338488,594,4,18.76684450502664,28.120103874862615,29.321139093396553,14.64732898333213
5,200,550,199,7.937945026404268,100.0,149,149,971.716505459,Gurobi,23,1.668821356599025,154.83375064220098,false,159.43928571668425,155.47243475385866,157.86159357094053,498,0,18.703342674005132,28.603328951290745,29.086995734799366,14.567063895750302
5,200,550,199,7.937945026404268,100.0,100,100,449.329609373,Gurobi,27,1.1399330156820477,160.86716831622877,false,163.95670391474684,161.14489384945563,163.9949754990319,400,0,18.700554564611174,29.24050403053226,29.08045909279298,14.56393880356746
5,200,550,199,7.937945026404268,100.0,50,50,311.739721516,Gurobi,39,0.6168065084804502,170.4003599152719,false,171.92912554826503,170.3703945191769,172.62673608060283,300,0,11.888905253912462,21.7269446663446,19.08083827220545,9.61060330214277
