run,p,n,ktrue,lambda,factor,k,keff,time,solver,cuts,gap,objval,binding,EBIC,loglik_val,loglik_test,TF,FF,operatorNorm,frobeniusNorm,L1MatrixNorm,LInfVectorNorm
3,200,450,199,7.797894677245461,100.0,398,398,2340.221725379,Gurobi,8,7.074075133736248e97,141.3612353692714,false,156.1506417819621,149.55710359417378,147.0900283089701,598,398,25.376763729806445,30.294760331184506,43.28655753432502,21.61433156803832
3,200,450,199,7.797894677245461,100.0,348,348,1536.30289448,Gurobi,13,7.044305864285225e97,141.95862860952994,false,154.93105077596883,148.64502682597768,146.46318395868045,598,298,25.44742039591394,30.36291639481112,43.41360304991903,21.673201910884284
3,200,450,199,7.797894677245461,100.0,298,298,1393.796932385,Gurobi,18,7.010201538684629e97,142.64925116370287,false,153.74118526402617,148.01374768996976,145.85457497811996,598,198,26.018935708244555,30.885236465812444,44.51645644070627,22.181146347626655
3,200,450,199,7.797894677245461,100.0,249,249,360.32998577,Gurobi,19,6.968510748744716e97,143.50268458438364,false,152.76089142437255,147.27225603876076,144.9885634591393,598,100,26.041424514245904,30.94616985498188,44.553581231675984,22.19875276422748
3,200,450,199,7.797894677245461,100.0,199,199,1045.117748642,Gurobi,23,2.5574375990139115,144.32242501141923,false,151.87451695685277,146.36548455626237,144.25211912158207,596,2,27.486154268826827,32.39396504461269,47.10586482322966,23.40722276441268
3,200,450,199,7.797894677245461,100.0,149,149,635.792468106,Gurobi,27,1.91799724680171,150.06525934934905,false,155.6538631760625,153.0855525737575,150.92419039607378,498,0,27.791097308702952,33.18477166073041,47.639702970202514,23.661155542255162
3,200,450,199,7.797894677245461,100.0,100,100,412.36034703,Gurobi,31,1.3095513426555514,157.98571332127054,false,161.7566977296784,160.3546836535864,158.9777837490091,400,0,27.63276439105213,33.516209395543974,47.358771354683824,23.526724044989592
3,200,450,199,7.797894677245461,100.0,50,50,386.979600727,Gurobi,46,0.7131466599586382,169.45015408750788,false,171.29694749357242,170.14856970125393,168.87704235278704,300,0,25.07955786419855,31.41055724056793,43.036473209155936,21.37760989068868
