run,p,n,ktrue,lambda,factor,k,keff,time,solver,cuts,gap,objval,binding,EBIC,loglik_val,loglik_test,TF,FF,operatorNorm,frobeniusNorm,L1MatrixNorm,LInfVectorNorm
7,200,400,199,6.56371044545646,100.0,398,398,3000.356372766,Gurobi,8,7.829097226094735e97,127.72864752106473,false,144.24649517038304,136.14002591696428,137.69906474074222,598,398,22.108214217199432,30.937543875746883,38.523119245151086,19.111347337802858
7,200,400,199,6.56371044545646,100.0,348,348,1828.674774963,Gurobi,13,7.795683957038345e97,128.27610835828568,false,142.8207784363962,135.54879220244783,136.8919363820205,598,298,22.286489422304328,31.126455710341144,38.87571874738454,19.268432184917135
7,200,400,199,6.56371044545646,100.0,298,298,2268.054266249,Gurobi,21,7.728515741391602e97,129.39095079334592,false,141.76197775885996,135.0112821819094,136.31267870503962,596,200,22.354474960415374,30.5941945019257,38.996217459184834,19.325482762943405
7,200,400,199,6.56371044545646,100.0,249,249,1382.982559725,Gurobi,25,7.67954844452699e97,130.21598954983784,false,140.57335015752616,134.28661913018715,135.53140953333553,596,102,22.375465458478732,30.747115598534812,39.030588946017595,19.341087296395607
7,200,400,199,6.56371044545646,100.0,199,199,828.69198192,Gurobi,28,2.445964494548445,131.21553186136228,false,139.67156430449583,133.75418690167223,135.04823027038427,592,6,23.23849504424052,31.897437037477196,40.37785244166134,19.992730489380207
7,200,400,199,6.56371044545646,100.0,149,149,659.722800818,Gurobi,32,1.824766043457938,138.06261059009833,false,144.3755914282807,141.19855398704632,142.628552774225,498,0,22.23825909732887,31.502089743844742,38.58327910175691,19.164733558039288
7,200,400,199,6.56371044545646,100.0,100,100,390.252736788,Gurobi,41,1.2436433083405452,148.25130332814618,false,152.47361816201231,151.5013101101714,152.64248654053893,400,0,21.9986526084733,31.633395176770623,38.18366918900659,18.980064331079802
7,200,400,199,6.56371044545646,100.0,50,50,393.63605834,Gurobi,47,0.6776257586512288,162.17093903170266,false,164.25865811525782,164.6599884586426,165.9494811335491,300,0,19.55202725893261,29.079738866780154,33.94859677863615,16.881396432812327
