run,p,n,ktrue,lambda,factor,k,keff,time,solver,cuts,gap,objval,binding,EBIC,loglik_val,loglik_test,TF,FF,operatorNorm,frobeniusNorm,L1MatrixNorm,LInfVectorNorm
5,200,400,199,7.221781161402492,100.0,398,398,1756.485524683,Gurobi,5,6.865697091647711e97,145.65163400764135,false,162.21926759907382,157.22422006396317,155.4619459736365,598,398,18.58977408061778,28.504221485656974,29.900457817394088,14.91514478837422
5,200,400,199,7.221781161402492,100.0,348,348,1607.035307443,Gurobi,10,6.8275786326393106e97,146.46480894698007,false,160.94279520662488,156.44865321612795,154.61584611256555,598,298,18.604115384720444,28.549563797695154,29.946406072534085,14.935053871982767
5,200,400,199,7.221781161402492,100.0,298,298,1459.024076848,Gurobi,15,6.7881930359510105e97,147.31460857166127,false,159.70645148140875,155.62986835259676,153.75738727255683,598,198,18.619060271916954,28.611713996528255,29.970567544435195,14.945602505649045
5,200,400,199,7.221781161402492,100.0,249,249,385.937026982,Gurobi,16,6.742719553210685e97,148.30811100898146,false,158.6485859548254,154.6020974685793,152.8144938411105,598,100,18.90468754510197,28.885325935455413,30.693972241117528,15.27660638636755
5,200,400,199,7.221781161402492,100.0,199,199,1014.403990672,Gurobi,20,2.3715626039860584,149.64638223711614,false,157.95739366504972,154.3576614453349,152.58953446684626,588,10,18.91111759340947,29.238109770217168,30.498394486111625,15.154211785830004
5,200,400,199,7.221781161402492,100.0,149,149,808.924974524,Gurobi,25,1.7726003552047251,153.6082439721748,false,159.81009487795606,159.17783545800745,157.29831622150027,496,2,19.47324281820768,30.12912274600319,31.092541732810865,15.494612958992406
5,200,400,199,7.221781161402492,100.0,100,100,551.602203291,Gurobi,29,1.2033537652638902,159.76070352140096,false,163.92281729648795,165.85148965020556,163.3881465056162,398,2,19.43169370039813,30.67135154314453,31.003780335858483,15.452934525297042
5,200,400,199,7.221781161402492,100.0,50,50,369.596203781,Gurobi,44,0.6337013805706742,168.88906165768572,false,170.95856978593696,174.41968141264047,171.34541757240726,298,2,18.81572339399394,30.558375399857855,30.15591826999125,15.031332914181736
