run,p,n,ktrue,lambda,factor,k,keff,time,solver,cuts,gap,objval,binding,EBIC,loglik_val,loglik_test,TF,FF,operatorNorm,frobeniusNorm,L1MatrixNorm,LInfVectorNorm
3,200,600,199,8.368630135924462,100.0,398,398,1715.79271966,Gurobi,5,7.000209378794801e97,142.85286994832234,false,154.1924781071964,147.82352797247376,148.35198174797284,598,398,24.285264065925773,29.125807548666387,41.368594144912485,20.674829014198675
3,200,600,199,8.368630135924462,100.0,348,348,1560.586500231,Gurobi,10,6.975008836231956e97,143.36899400119194,false,153.27443418636614,147.4492058049694,147.8719706144749,598,298,24.312583060887324,29.164631278783464,41.409764853205274,20.694280546761593
3,200,600,199,8.368630135924462,100.0,298,298,1600.575478627,Gurobi,15,6.950348107011878e97,143.8776856357953,false,152.35685294191347,146.96898422360124,147.36222393691423,598,198,24.404378264631852,29.260480811023633,41.58203293139567,20.774781640901764
3,200,600,199,8.368630135924462,100.0,249,249,1277.976841725,Gurobi,19,6.923290937453853e97,144.43997934424021,false,151.5122915215103,146.4754079605681,146.83845617324454,598,100,24.914280885443137,29.765679448491127,42.53564135131921,21.218184386726392
3,200,600,199,8.368630135924462,100.0,199,199,885.762457305,Gurobi,23,2.3450723088082484,145.19670553305536,false,150.89559225087666,146.01389213695907,146.18446931366813,596,2,26.67083467603428,31.57026617131531,45.5803490552574,22.64557265202514
3,200,600,199,8.368630135924462,100.0,149,149,536.079388575,Gurobi,28,1.7501856977261008,150.9059548633136,false,155.2040454500816,152.13686136235512,152.69530394157877,498,0,26.795961995001576,32.18982067411797,45.83631808011402,22.7629308519227
3,200,600,199,8.368630135924462,100.0,100,100,357.516176201,Gurobi,38,1.1926369980814535,158.83492238749074,false,161.72224059963543,160.3561073978159,160.1919980001747,400,0,26.665442954894885,32.58914425007639,45.596055601269185,22.650568709662558
3,200,600,199,8.368630135924462,100.0,50,50,328.653442035,Gurobi,45,0.6577704223181002,169.76521248802092,false,171.1669736775575,170.7874922998581,170.57991455060298,300,0,25.95494360063811,32.374239416434676,44.39474139766677,22.055746871196593
