run,p,n,ktrue,lambda,factor,k,keff,time,solver,cuts,gap,objval,binding,EBIC,loglik_val,loglik_test,TF,FF,operatorNorm,frobeniusNorm,L1MatrixNorm,LInfVectorNorm
4,200,350,199,6.442593880020761,100.0,398,398,1729.257471735,Gurobi,5,7.6468280645766e97,130.77317700294984,false,149.54289490363624,140.1125694947121,140.24385656214065,598,398,16.998159030030017,27.23409368638649,27.33426341156521,13.52010614415984
4,200,350,199,6.442593880020761,100.0,348,348,1501.857357443,Gurobi,10,7.597539972799625e97,131.6215516575307,false,148.02847799285374,139.28423928712607,139.45616917409683,598,298,17.07478967336154,27.381822621794626,27.42849243365679,13.563082958915741
4,200,350,199,6.442593880020761,100.0,298,298,1390.840164493,Gurobi,15,7.547213237293545e97,132.49923760715197,false,146.5355356095441,138.62215778023398,138.64870896863704,598,198,17.38256448699977,27.709446371601317,27.74070232798441,13.72060655068465
4,200,350,199,6.442593880020761,100.0,249,249,1226.24144834,Gurobi,20,7.487042822545015e97,133.56408180126814,false,145.28588106519277,137.4673304629629,137.66822054321182,598,100,17.66749442955121,28.01313485991591,28.224462344631227,13.93533575784515
4,200,350,199,6.442593880020761,100.0,199,199,350.066737382,Gurobi,23,2.507567060898289,134.39861515716416,false,144.55092943343055,136.89401784075966,136.97930338426073,590,8,18.401176332168905,28.72793677995313,29.28407807475962,14.449416552469737
4,200,350,199,6.442593880020761,100.0,149,149,818.926031219,Gurobi,28,1.8712702110268846,142.03710908836962,false,149.10605578279242,144.8814671460812,144.98114797693165,496,2,17.520644033469306,28.003683786560682,27.826822690668003,13.79056664383348
4,200,350,199,6.442593880020761,100.0,100,100,587.57954499,Gurobi,34,1.2750988361009203,151.48151268166663,false,156.19754387614603,153.6046630165004,153.80196506076345,398,2,17.519681117933953,28.60586065389425,27.814487584174543,13.784698508018748
4,200,350,199,6.442593880020761,100.0,50,50,409.552554174,Gurobi,41,0.7003435492660433,164.82453647148844,false,167.1646784350493,166.07399734979117,165.25339360725798,298,2,17.356640346854185,28.812070578183373,27.594915445516367,13.65913246596398
