run,p,n,ktrue,lambda,factor,k,keff,time,solver,cuts,gap,objval,binding,EBIC,loglik_val,loglik_test,TF,FF,operatorNorm,frobeniusNorm,L1MatrixNorm,LInfVectorNorm
0,200,450,199,5.6224134007535564,100.0,398,398,2987.742047786,Gurobi,8,8.764167024205001e97,114.10097471193622,false,128.8877390048889,122.8916020172555,120.76341528290611,598,398,13.104143906562753,28.931148764607002,21.63779909952494,10.793892458417497
0,200,450,199,5.6224134007535564,100.0,348,348,2792.268985724,Gurobi,16,8.719570512022713e97,114.68454766449571,false,127.61503171440515,122.21623493684426,120.22249932513871,598,298,13.116315601649603,29.013612910639438,21.71150147586275,10.824274956310765
0,200,450,199,5.6224134007535564,100.0,298,298,663.990434326,Gurobi,22,3.2474150842163914,113.56832336051085,false,126.44544934251734,121.78860735283818,119.58392432723143,598,198,13.20391836645924,28.691801606088962,22.200036609510168,11.020297318993013
0,200,450,199,5.6224134007535564,100.0,249,249,1408.865021448,Gurobi,26,8.620340784642856e97,116.00469459183108,false,125.30340874837707,121.18058644007223,118.93281689166386,598,100,13.607960298905533,29.71422303750678,22.696824164314563,11.268119644526443
0,200,450,199,5.6224134007535564,100.0,199,199,335.604715584,Gurobi,27,8.546027304669609e97,117.01343376864628,false,124.41202059532071,120.35389468796568,118.23826010239794,596,2,14.002837751633521,30.25923254436687,22.42414913036764,11.172832036099596
0,200,450,199,5.6224134007535564,100.0,149,149,330.18495805,Gurobi,32,1.6439040567863548,124.25831470237182,false,130.15254530748933,127.84536574010139,126.43598444230435,498,0,13.594596877259189,30.144248535692537,21.609140969709127,10.800465866473123
0,200,450,199,5.6224134007535564,100.0,100,100,314.737351051,Gurobi,38,1.0980593347778569,137.25356116275825,false,140.97847686758263,139.86760914791586,138.84847602523104,400,0,12.758080352883626,28.389740069069333,20.336620801996734,10.183611387475151
0,200,450,199,5.6224134007535564,100.0,50,50,350.983927265,Gurobi,47,0.6497405787329608,158.51452817919895,false,160.38131999715281,161.78995128832437,160.0372277284312,300,0,11.911620418682219,26.116040296009224,19.04906616729034,9.528310026895456
