run,p,n,ktrue,lambda,factor,k,keff,time,solver,cuts,gap,objval,binding,EBIC,loglik_val,loglik_test,TF,FF,operatorNorm,frobeniusNorm,L1MatrixNorm,LInfVectorNorm
2,200,450,199,6.975453290176205,100.0,398,398,1587.579405788,Gurobi,5,7.163318765123431e97,139.60009777434064,false,154.41564435320095,148.5736330338112,147.83479919678948,596,400,16.241892944382812,25.430041051473896,26.42182996296752,13.153179439180919
2,200,450,199,6.975453290176205,100.0,348,348,1456.029765796,Gurobi,10,7.132934983212499e97,140.19474484956325,false,153.14038188643792,147.88086076111676,147.2452958141513,596,300,16.382203469427758,25.68905814784558,26.668971887788217,13.264795258183595
2,200,450,199,6.975453290176205,100.0,298,298,330.368077504,Gurobi,11,7.095050062462916e97,140.94333249184552,false,152.02029400363293,147.14763513819017,146.50213135082214,596,200,16.46272740908266,25.83645307470494,26.773890234962284,13.312189287678008
2,200,450,199,6.975453290176205,100.0,249,249,1039.673828894,Gurobi,14,2.9046863365508715,141.64991976016296,false,151.01723936130875,146.17111819189137,145.64565961626624,596,102,16.655676574439244,26.114071894880894,27.290489120821974,13.538125695194699
2,200,450,199,6.975453290176205,100.0,199,199,846.714540484,Gurobi,18,2.3440180926878593,143.35135422810924,false,150.89024277322696,146.3421621700881,145.8620284319757,582,16,16.53975743698573,25.770951894786972,27.603220121826663,13.67654111989249
2,200,450,199,6.975453290176205,100.0,149,149,386.817218246,Gurobi,25,1.7670993207968448,148.55951695122818,false,154.1469573449048,151.8999839684943,151.18953922634452,496,2,16.252581660753513,25.697548316726284,25.880049835283042,12.897175959702667
2,200,450,199,6.975453290176205,100.0,100,100,364.101726585,Gurobi,34,1.215808732886487,155.82856958043243,false,159.55489477114452,158.4981501106438,158.01500011902988,398,2,16.339143192500455,26.49034993917718,25.994738424616802,12.950748169503754
2,200,450,199,6.975453290176205,100.0,50,50,323.384423226,Gurobi,46,0.6573864205367637,168.0733665238681,false,169.9234059080939,171.07485346189105,169.6602056032503,298,2,10.852098851919253,20.758055104765454,17.722749392153528,8.871610708405699
